date,heure,timestamp,type,nom,velos_dispo,bornes_libres,total,taux_occupation_places,lat,lon
2026-01-22,00:25:35,2026-01-22T00:25:35+01:00,STATION,"Rue Jules Ferry - Gare Saint-Roch",7,5,12,0.5833333333333334,43.605366,3.881346
2026-01-22,00:25:35,2026-01-22T00:25:35+01:00,STATION,"Comédie",10,10,20,0.5,43.608148,3.878778
2026-01-22,00:25:35,2026-01-22T00:25:35+01:00,STATION,"Hôtel de Ville",7,9,16,0.4375,43.599088,3.894866
2026-01-22,00:25:35,2026-01-22T00:25:35+01:00,STATION,"Corum",7,2,12,0.8333333333333334,43.613989,3.8816
2026-01-22,00:25:35,2026-01-22T00:25:35+01:00,STATION,"Place Albert 1er - St Charles",8,19,27,0.2962962962962963,43.616768,3.873375
2026-01-22,00:25:35,2026-01-22T00:25:35+01:00,STATION,"Foch",1,3,8,0.625,43.610989,3.873345
2026-01-22,00:25:35,2026-01-22T00:25:35+01:00,STATION,"Halles Castellane",0,12,12,0.0,43.609935,3.877208
2026-01-22,00:25:35,2026-01-22T00:25:35+01:00,STATION,"Observatoire",4,3,8,0.625,43.606301,3.87724
2026-01-22,00:25:35,2026-01-22T00:25:35+01:00,STATION,"Rondelet",4,12,16,0.25,43.603038,3.875796
2026-01-22,00:25:35,2026-01-22T00:25:35+01:00,STATION,"Plan Cabanes",5,7,12,0.4166666666666667,43.608491,3.868389
2026-01-22,00:25:35,2026-01-22T00:25:35+01:00,STATION,"Boutonnet",8,4,12,0.6666666666666666,43.622629,3.868375
2026-01-22,00:25:35,2026-01-22T00:25:35+01:00,STATION,"Emile Combes",5,3,8,0.625,43.616742,3.87998
2026-01-22,00:25:35,2026-01-22T00:25:35+01:00,STATION,"Beaux-Arts",6,10,16,0.375,43.616698,3.884981
2026-01-22,00:25:35,2026-01-22T00:25:35+01:00,STATION,"Les Aubes",7,1,8,0.875,43.618692,3.893844
2026-01-22,00:25:35,2026-01-22T00:25:35+01:00,STATION,"Antigone centre",5,7,12,0.4166666666666667,43.607942,3.890634
2026-01-22,00:25:35,2026-01-22T00:25:35+01:00,STATION,"Médiathèque Emile Zola",5,11,16,0.3125,43.608218,3.89314
2026-01-22,00:25:35,2026-01-22T00:25:35+01:00,STATION,"Nombre d Or",4,12,16,0.25,43.607859,3.886644
2026-01-22,00:25:35,2026-01-22T00:25:35+01:00,STATION,"Louis Blanc",8,8,16,0.5,43.614642,3.877648
2026-01-22,00:25:35,2026-01-22T00:25:35+01:00,STATION,"Gambetta",5,3,8,0.625,43.607106,3.870693
2026-01-22,00:25:35,2026-01-22T00:25:35+01:00,STATION,"Port Marianne",6,10,16,0.375,43.60032,3.89851
2026-01-22,00:25:35,2026-01-22T00:25:35+01:00,STATION,"Les Arceaux",1,7,8,0.125,43.612659,3.867734
2026-01-22,00:25:35,2026-01-22T00:25:35+01:00,STATION,"Cité Mion",2,5,8,0.375,43.601143,3.884373
2026-01-22,00:25:35,2026-01-22T00:25:35+01:00,STATION,"Nouveau Saint-Roch",3,5,8,0.375,43.599817,3.875757
2026-01-22,00:25:35,2026-01-22T00:25:35+01:00,STATION,"Renouvier",0,8,8,0.0,43.603553,3.867884
2026-01-22,00:25:35,2026-01-22T00:25:35+01:00,STATION,"Odysseum",0,8,8,0.0,43.603727,3.918979
2026-01-22,00:25:35,2026-01-22T00:25:35+01:00,STATION,"Saint-Denis",0,8,8,0.0,43.605021,3.875065
2026-01-22,00:25:35,2026-01-22T00:25:35+01:00,STATION,"Richter",9,7,16,0.5625,43.603424,3.899263
2026-01-22,00:25:35,2026-01-22T00:25:35+01:00,STATION,"Charles Flahault",6,2,8,0.75,43.622038,3.86672
2026-01-22,00:25:35,2026-01-22T00:25:35+01:00,STATION,"Voltaire",3,5,8,0.375,43.603767,3.888659
2026-01-22,00:25:35,2026-01-22T00:25:35+01:00,STATION,"Prés d Arènes",3,5,8,0.375,43.59048,3.884611
2026-01-22,00:25:35,2026-01-22T00:25:35+01:00,STATION,"Garcia Lorca",3,5,8,0.375,43.590757,3.890616
2026-01-22,00:25:35,2026-01-22T00:25:35+01:00,STATION,"Vert Bois",5,11,16,0.3125,43.63543,3.871179
2026-01-22,00:25:35,2026-01-22T00:25:35+01:00,STATION,"Malbosc",3,5,8,0.375,43.633679,3.832861
2026-01-22,00:25:35,2026-01-22T00:25:35+01:00,STATION,"Occitanie",11,21,32,0.34375,43.635689,3.849597
2026-01-22,00:25:35,2026-01-22T00:25:35+01:00,STATION,"FacdesSciences",20,4,24,0.8333333333333334,43.631318,3.861299
2026-01-22,00:25:35,2026-01-22T00:25:35+01:00,STATION,"Fac de Lettres",8,4,12,0.6666666666666666,43.630437,3.869539
2026-01-22,00:25:35,2026-01-22T00:25:35+01:00,STATION,"Aiguelongue",7,0,8,1.0,43.626163,3.882492
2026-01-22,00:25:35,2026-01-22T00:25:35+01:00,STATION,"Jeu de Mail des Abbés",1,7,8,0.125,43.619701,3.883831
2026-01-22,00:25:35,2026-01-22T00:25:35+01:00,STATION,"Euromédecine",5,3,8,0.625,43.639119,3.828199
2026-01-22,00:25:35,2026-01-22T00:25:35+01:00,STATION,"Marie Caizergues",0,8,8,0.0,43.619871,3.873812
2026-01-22,00:25:35,2026-01-22T00:25:35+01:00,STATION,"Sabines",1,4,8,0.5,43.584211,3.860031
2026-01-22,00:25:35,2026-01-22T00:25:35+01:00,STATION,"Celleneuve",5,3,8,0.625,43.61467,3.832624
2026-01-22,00:25:35,2026-01-22T00:25:35+01:00,STATION,"Jardin de la Lironde",5,3,8,0.625,43.60585,3.911576
2026-01-22,00:25:35,2026-01-22T00:25:35+01:00,STATION,"Père Soulas",5,3,8,0.625,43.621983,3.855603
2026-01-22,00:25:35,2026-01-22T00:25:35+01:00,STATION,"Place Viala",2,5,8,0.375,43.616812,3.855075
2026-01-22,00:25:35,2026-01-22T00:25:35+01:00,STATION,"Hôtel du Département",4,4,8,0.5,43.621682,3.83477
2026-01-22,00:25:35,2026-01-22T00:25:35+01:00,STATION,"Tonnelles",3,5,8,0.375,43.615155,3.839466
2026-01-22,00:25:35,2026-01-22T00:25:35+01:00,STATION,"Parvis Jules Ferry - Gare Saint-Roch",4,4,8,0.5,43.603889,3.879362
2026-01-22,00:25:35,2026-01-22T00:25:35+01:00,STATION,"Pont de Lattes - Gare Saint-Roch",3,9,12,0.25,43.606036,3.882393
2026-01-22,00:25:35,2026-01-22T00:25:35+01:00,STATION,"Deux Ponts - Gare Saint-Roch",0,8,8,0.0,43.604319,3.880916
2026-01-22,00:25:35,2026-01-22T00:25:35+01:00,STATION,"Providence - Ovalie",4,4,8,0.5,43.588239,3.853421
2026-01-22,00:25:35,2026-01-22T00:25:35+01:00,STATION,"Pérols Etang de l Or",35,32,68,0.5294117647058824,43.558351,3.963412
2026-01-22,00:25:35,2026-01-22T00:25:35+01:00,STATION,"Albert 1er - Cathédrale",4,7,12,0.4166666666666667,43.614005,3.873218
2026-01-22,00:25:35,2026-01-22T00:25:35+01:00,STATION,"Saint-Guilhem - Courreau",4,4,8,0.5,43.608996,3.872752
2026-01-22,00:25:35,2026-01-22T00:25:35+01:00,STATION,"Sud De France",3,3,8,0.625,43.59562,3.9235
2026-01-22,00:25:35,2026-01-22T00:25:35+01:00,STATION,"Comedie Baudin",0,8,8,0.0,43.608717,3.880787
2026-01-22,00:25:35,2026-01-22T00:25:35+01:00,STATION,"Jean de Beins",1,15,16,0.0625,43.609857,3.883884
2026-01-22,00:47:40,2026-01-22T00:47:40+01:00,STATION,"Rue Jules Ferry - Gare Saint-Roch",7,5,12,0.5833333333333334,43.605366,3.881346
2026-01-22,00:47:40,2026-01-22T00:47:40+01:00,STATION,"Comédie",10,10,20,0.5,43.608148,3.878778
2026-01-22,00:47:40,2026-01-22T00:47:40+01:00,STATION,"Hôtel de Ville",7,9,16,0.4375,43.599088,3.894866
2026-01-22,00:47:40,2026-01-22T00:47:40+01:00,STATION,"Corum",7,2,12,0.8333333333333334,43.613989,3.8816
2026-01-22,00:47:40,2026-01-22T00:47:40+01:00,STATION,"Place Albert 1er - St Charles",8,19,27,0.2962962962962963,43.616768,3.873375
2026-01-22,00:47:40,2026-01-22T00:47:40+01:00,STATION,"Foch",1,3,8,0.625,43.610989,3.873345
2026-01-22,00:47:40,2026-01-22T00:47:40+01:00,STATION,"Halles Castellane",0,12,12,0.0,43.609935,3.877208
2026-01-22,00:47:40,2026-01-22T00:47:40+01:00,STATION,"Observatoire",4,3,8,0.625,43.606301,3.87724
2026-01-22,00:47:40,2026-01-22T00:47:40+01:00,STATION,"Rondelet",4,12,16,0.25,43.603038,3.875796
2026-01-22,00:47:40,2026-01-22T00:47:40+01:00,STATION,"Plan Cabanes",5,7,12,0.4166666666666667,43.608491,3.868389
2026-01-22,00:47:40,2026-01-22T00:47:40+01:00,STATION,"Boutonnet",8,4,12,0.6666666666666666,43.622629,3.868375
2026-01-22,00:47:40,2026-01-22T00:47:40+01:00,STATION,"Emile Combes",5,3,8,0.625,43.616742,3.87998
2026-01-22,00:47:40,2026-01-22T00:47:40+01:00,STATION,"Beaux-Arts",6,10,16,0.375,43.616698,3.884981
2026-01-22,00:47:40,2026-01-22T00:47:40+01:00,STATION,"Les Aubes",7,1,8,0.875,43.618692,3.893844
2026-01-22,00:47:40,2026-01-22T00:47:40+01:00,STATION,"Antigone centre",5,7,12,0.4166666666666667,43.607942,3.890634
2026-01-22,00:47:40,2026-01-22T00:47:40+01:00,STATION,"Médiathèque Emile Zola",5,11,16,0.3125,43.608218,3.89314
2026-01-22,00:47:40,2026-01-22T00:47:40+01:00,STATION,"Nombre d Or",4,12,16,0.25,43.607859,3.886644
2026-01-22,00:47:40,2026-01-22T00:47:40+01:00,STATION,"Louis Blanc",8,8,16,0.5,43.614642,3.877648
2026-01-22,00:47:40,2026-01-22T00:47:40+01:00,STATION,"Gambetta",5,3,8,0.625,43.607106,3.870693
2026-01-22,00:47:40,2026-01-22T00:47:40+01:00,STATION,"Port Marianne",6,10,16,0.375,43.60032,3.89851
2026-01-22,00:47:40,2026-01-22T00:47:40+01:00,STATION,"Les Arceaux",1,7,8,0.125,43.612659,3.867734
2026-01-22,00:47:40,2026-01-22T00:47:40+01:00,STATION,"Cité Mion",2,5,8,0.375,43.601143,3.884373
2026-01-22,00:47:40,2026-01-22T00:47:40+01:00,STATION,"Nouveau Saint-Roch",3,5,8,0.375,43.599817,3.875757
2026-01-22,00:47:40,2026-01-22T00:47:40+01:00,STATION,"Renouvier",0,8,8,0.0,43.603553,3.867884
2026-01-22,00:47:40,2026-01-22T00:47:40+01:00,STATION,"Odysseum",0,8,8,0.0,43.603727,3.918979
2026-01-22,00:47:40,2026-01-22T00:47:40+01:00,STATION,"Saint-Denis",0,8,8,0.0,43.605021,3.875065
2026-01-22,00:47:40,2026-01-22T00:47:40+01:00,STATION,"Richter",9,7,16,0.5625,43.603424,3.899263
2026-01-22,00:47:40,2026-01-22T00:47:40+01:00,STATION,"Charles Flahault",6,2,8,0.75,43.622038,3.86672
2026-01-22,00:47:40,2026-01-22T00:47:40+01:00,STATION,"Voltaire",3,5,8,0.375,43.603767,3.888659
2026-01-22,00:47:40,2026-01-22T00:47:40+01:00,STATION,"Prés d Arènes",3,5,8,0.375,43.59048,3.884611
2026-01-22,00:47:40,2026-01-22T00:47:40+01:00,STATION,"Garcia Lorca",3,5,8,0.375,43.590757,3.890616
2026-01-22,00:47:40,2026-01-22T00:47:40+01:00,STATION,"Vert Bois",5,11,16,0.3125,43.63543,3.871179
2026-01-22,00:47:40,2026-01-22T00:47:40+01:00,STATION,"Malbosc",3,5,8,0.375,43.633679,3.832861
2026-01-22,00:47:40,2026-01-22T00:47:40+01:00,STATION,"Occitanie",11,21,32,0.34375,43.635689,3.849597
2026-01-22,00:47:40,2026-01-22T00:47:40+01:00,STATION,"FacdesSciences",20,4,24,0.8333333333333334,43.631318,3.861299
2026-01-22,00:47:40,2026-01-22T00:47:40+01:00,STATION,"Fac de Lettres",8,4,12,0.6666666666666666,43.630437,3.869539
2026-01-22,00:47:40,2026-01-22T00:47:40+01:00,STATION,"Aiguelongue",7,0,8,1.0,43.626163,3.882492
2026-01-22,00:47:40,2026-01-22T00:47:40+01:00,STATION,"Jeu de Mail des Abbés",1,7,8,0.125,43.619701,3.883831
2026-01-22,00:47:40,2026-01-22T00:47:40+01:00,STATION,"Euromédecine",5,3,8,0.625,43.639119,3.828199
2026-01-22,00:47:40,2026-01-22T00:47:40+01:00,STATION,"Marie Caizergues",0,8,8,0.0,43.619871,3.873812
2026-01-22,00:47:40,2026-01-22T00:47:40+01:00,STATION,"Sabines",1,4,8,0.5,43.584211,3.860031
2026-01-22,00:47:40,2026-01-22T00:47:40+01:00,STATION,"Celleneuve",5,3,8,0.625,43.61467,3.832624
2026-01-22,00:47:40,2026-01-22T00:47:40+01:00,STATION,"Jardin de la Lironde",5,3,8,0.625,43.60585,3.911576
2026-01-22,00:47:40,2026-01-22T00:47:40+01:00,STATION,"Père Soulas",5,3,8,0.625,43.621983,3.855603
2026-01-22,00:47:40,2026-01-22T00:47:40+01:00,STATION,"Place Viala",2,5,8,0.375,43.616812,3.855075
2026-01-22,00:47:40,2026-01-22T00:47:40+01:00,STATION,"Hôtel du Département",4,4,8,0.5,43.621682,3.83477
2026-01-22,00:47:40,2026-01-22T00:47:40+01:00,STATION,"Tonnelles",3,5,8,0.375,43.615155,3.839466
2026-01-22,00:47:40,2026-01-22T00:47:40+01:00,STATION,"Parvis Jules Ferry - Gare Saint-Roch",4,4,8,0.5,43.603889,3.879362
2026-01-22,00:47:40,2026-01-22T00:47:40+01:00,STATION,"Pont de Lattes - Gare Saint-Roch",3,9,12,0.25,43.606036,3.882393
2026-01-22,00:47:40,2026-01-22T00:47:40+01:00,STATION,"Deux Ponts - Gare Saint-Roch",0,8,8,0.0,43.604319,3.880916
2026-01-22,00:47:40,2026-01-22T00:47:40+01:00,STATION,"Providence - Ovalie",4,4,8,0.5,43.588239,3.853421
2026-01-22,00:47:40,2026-01-22T00:47:40+01:00,STATION,"Pérols Etang de l Or",35,32,68,0.5294117647058824,43.558351,3.963412
2026-01-22,00:47:40,2026-01-22T00:47:40+01:00,STATION,"Albert 1er - Cathédrale",4,7,12,0.4166666666666667,43.614005,3.873218
2026-01-22,00:47:40,2026-01-22T00:47:40+01:00,STATION,"Saint-Guilhem - Courreau",4,4,8,0.5,43.608996,3.872752
2026-01-22,00:47:40,2026-01-22T00:47:40+01:00,STATION,"Sud De France",3,3,8,0.625,43.59562,3.9235
2026-01-22,00:47:40,2026-01-22T00:47:40+01:00,STATION,"Comedie Baudin",0,8,8,0.0,43.608717,3.880787
2026-01-22,00:47:40,2026-01-22T00:47:40+01:00,STATION,"Jean de Beins",1,15,16,0.0625,43.609857,3.883884
2026-01-22,02:47:52,2026-01-22T02:47:52+01:00,STATION,"Rue Jules Ferry - Gare Saint-Roch",7,5,12,0.5833333333333334,43.605366,3.881346
2026-01-22,02:47:52,2026-01-22T02:47:52+01:00,STATION,"Comédie",10,10,20,0.5,43.608148,3.878778
2026-01-22,02:47:52,2026-01-22T02:47:52+01:00,STATION,"Hôtel de Ville",7,9,16,0.4375,43.599088,3.894866
2026-01-22,02:47:52,2026-01-22T02:47:52+01:00,STATION,"Corum",7,2,12,0.8333333333333334,43.613989,3.8816
2026-01-22,02:47:52,2026-01-22T02:47:52+01:00,STATION,"Place Albert 1er - St Charles",8,19,27,0.2962962962962963,43.616768,3.873375
2026-01-22,02:47:52,2026-01-22T02:47:52+01:00,STATION,"Foch",1,3,8,0.625,43.610989,3.873345
2026-01-22,02:47:52,2026-01-22T02:47:52+01:00,STATION,"Halles Castellane",0,12,12,0.0,43.609935,3.877208
2026-01-22,02:47:52,2026-01-22T02:47:52+01:00,STATION,"Observatoire",4,3,8,0.625,43.606301,3.87724
2026-01-22,02:47:52,2026-01-22T02:47:52+01:00,STATION,"Rondelet",4,12,16,0.25,43.603038,3.875796
2026-01-22,02:47:52,2026-01-22T02:47:52+01:00,STATION,"Plan Cabanes",5,7,12,0.4166666666666667,43.608491,3.868389
2026-01-22,02:47:52,2026-01-22T02:47:52+01:00,STATION,"Boutonnet",8,4,12,0.6666666666666666,43.622629,3.868375
2026-01-22,02:47:52,2026-01-22T02:47:52+01:00,STATION,"Emile Combes",5,3,8,0.625,43.616742,3.87998
2026-01-22,02:47:52,2026-01-22T02:47:52+01:00,STATION,"Beaux-Arts",6,10,16,0.375,43.616698,3.884981
2026-01-22,02:47:52,2026-01-22T02:47:52+01:00,STATION,"Les Aubes",7,1,8,0.875,43.618692,3.893844
2026-01-22,02:47:52,2026-01-22T02:47:52+01:00,STATION,"Antigone centre",5,7,12,0.4166666666666667,43.607942,3.890634
2026-01-22,02:47:52,2026-01-22T02:47:52+01:00,STATION,"Médiathèque Emile Zola",5,11,16,0.3125,43.608218,3.89314
2026-01-22,02:47:52,2026-01-22T02:47:52+01:00,STATION,"Nombre d Or",4,12,16,0.25,43.607859,3.886644
2026-01-22,02:47:52,2026-01-22T02:47:52+01:00,STATION,"Louis Blanc",8,8,16,0.5,43.614642,3.877648
2026-01-22,02:47:52,2026-01-22T02:47:52+01:00,STATION,"Gambetta",5,3,8,0.625,43.607106,3.870693
2026-01-22,02:47:52,2026-01-22T02:47:52+01:00,STATION,"Port Marianne",6,10,16,0.375,43.60032,3.89851
2026-01-22,02:47:52,2026-01-22T02:47:52+01:00,STATION,"Les Arceaux",1,7,8,0.125,43.612659,3.867734
2026-01-22,02:47:52,2026-01-22T02:47:52+01:00,STATION,"Cité Mion",2,5,8,0.375,43.601143,3.884373
2026-01-22,02:47:52,2026-01-22T02:47:52+01:00,STATION,"Nouveau Saint-Roch",3,5,8,0.375,43.599817,3.875757
2026-01-22,02:47:52,2026-01-22T02:47:52+01:00,STATION,"Renouvier",0,8,8,0.0,43.603553,3.867884
2026-01-22,02:47:52,2026-01-22T02:47:52+01:00,STATION,"Odysseum",0,8,8,0.0,43.603727,3.918979
2026-01-22,02:47:52,2026-01-22T02:47:52+01:00,STATION,"Saint-Denis",0,8,8,0.0,43.605021,3.875065
2026-01-22,02:47:52,2026-01-22T02:47:52+01:00,STATION,"Richter",9,7,16,0.5625,43.603424,3.899263
2026-01-22,02:47:52,2026-01-22T02:47:52+01:00,STATION,"Charles Flahault",6,2,8,0.75,43.622038,3.86672
2026-01-22,02:47:52,2026-01-22T02:47:52+01:00,STATION,"Voltaire",3,5,8,0.375,43.603767,3.888659
2026-01-22,02:47:52,2026-01-22T02:47:52+01:00,STATION,"Prés d Arènes",3,5,8,0.375,43.59048,3.884611
2026-01-22,02:47:52,2026-01-22T02:47:52+01:00,STATION,"Garcia Lorca",3,5,8,0.375,43.590757,3.890616
2026-01-22,02:47:52,2026-01-22T02:47:52+01:00,STATION,"Vert Bois",5,11,16,0.3125,43.63543,3.871179
2026-01-22,02:47:52,2026-01-22T02:47:52+01:00,STATION,"Malbosc",3,5,8,0.375,43.633679,3.832861
2026-01-22,02:47:52,2026-01-22T02:47:52+01:00,STATION,"Occitanie",11,21,32,0.34375,43.635689,3.849597
2026-01-22,02:47:52,2026-01-22T02:47:52+01:00,STATION,"FacdesSciences",20,4,24,0.8333333333333334,43.631318,3.861299
2026-01-22,02:47:52,2026-01-22T02:47:52+01:00,STATION,"Fac de Lettres",8,4,12,0.6666666666666666,43.630437,3.869539
2026-01-22,02:47:52,2026-01-22T02:47:52+01:00,STATION,"Aiguelongue",7,0,8,1.0,43.626163,3.882492
2026-01-22,02:47:52,2026-01-22T02:47:52+01:00,STATION,"Jeu de Mail des Abbés",1,7,8,0.125,43.619701,3.883831
2026-01-22,02:47:52,2026-01-22T02:47:52+01:00,STATION,"Euromédecine",5,3,8,0.625,43.639119,3.828199
2026-01-22,02:47:52,2026-01-22T02:47:52+01:00,STATION,"Marie Caizergues",0,8,8,0.0,43.619871,3.873812
2026-01-22,02:47:52,2026-01-22T02:47:52+01:00,STATION,"Sabines",1,4,8,0.5,43.584211,3.860031
2026-01-22,02:47:52,2026-01-22T02:47:52+01:00,STATION,"Celleneuve",5,3,8,0.625,43.61467,3.832624
2026-01-22,02:47:52,2026-01-22T02:47:52+01:00,STATION,"Jardin de la Lironde",5,3,8,0.625,43.60585,3.911576
2026-01-22,02:47:52,2026-01-22T02:47:52+01:00,STATION,"Père Soulas",5,3,8,0.625,43.621983,3.855603
2026-01-22,02:47:52,2026-01-22T02:47:52+01:00,STATION,"Place Viala",2,5,8,0.375,43.616812,3.855075
2026-01-22,02:47:52,2026-01-22T02:47:52+01:00,STATION,"Hôtel du Département",4,4,8,0.5,43.621682,3.83477
2026-01-22,02:47:52,2026-01-22T02:47:52+01:00,STATION,"Tonnelles",3,5,8,0.375,43.615155,3.839466
2026-01-22,02:47:52,2026-01-22T02:47:52+01:00,STATION,"Parvis Jules Ferry - Gare Saint-Roch",4,4,8,0.5,43.603889,3.879362
2026-01-22,02:47:52,2026-01-22T02:47:52+01:00,STATION,"Pont de Lattes - Gare Saint-Roch",3,9,12,0.25,43.606036,3.882393
2026-01-22,02:47:52,2026-01-22T02:47:52+01:00,STATION,"Deux Ponts - Gare Saint-Roch",0,8,8,0.0,43.604319,3.880916
2026-01-22,02:47:52,2026-01-22T02:47:52+01:00,STATION,"Providence - Ovalie",4,4,8,0.5,43.588239,3.853421
2026-01-22,02:47:52,2026-01-22T02:47:52+01:00,STATION,"Pérols Etang de l Or",35,32,68,0.5294117647058824,43.558351,3.963412
2026-01-22,02:47:52,2026-01-22T02:47:52+01:00,STATION,"Albert 1er - Cathédrale",4,7,12,0.4166666666666667,43.614005,3.873218
2026-01-22,02:47:52,2026-01-22T02:47:52+01:00,STATION,"Saint-Guilhem - Courreau",4,4,8,0.5,43.608996,3.872752
2026-01-22,02:47:52,2026-01-22T02:47:52+01:00,STATION,"Sud De France",3,3,8,0.625,43.59562,3.9235
2026-01-22,02:47:52,2026-01-22T02:47:52+01:00,STATION,"Comedie Baudin",0,8,8,0.0,43.608717,3.880787
2026-01-22,02:47:52,2026-01-22T02:47:52+01:00,STATION,"Jean de Beins",1,15,16,0.0625,43.609857,3.883884
2026-01-22,04:47:49,2026-01-22T04:47:49+01:00,STATION,"Rue Jules Ferry - Gare Saint-Roch",7,5,12,0.5833333333333334,43.605366,3.881346
2026-01-22,04:47:49,2026-01-22T04:47:49+01:00,STATION,"Comédie",10,10,20,0.5,43.608148,3.878778
2026-01-22,04:47:49,2026-01-22T04:47:49+01:00,STATION,"Hôtel de Ville",7,9,16,0.4375,43.599088,3.894866
2026-01-22,04:47:49,2026-01-22T04:47:49+01:00,STATION,"Corum",7,2,12,0.8333333333333334,43.613989,3.8816
2026-01-22,04:47:49,2026-01-22T04:47:49+01:00,STATION,"Place Albert 1er - St Charles",8,19,27,0.2962962962962963,43.616768,3.873375
2026-01-22,04:47:49,2026-01-22T04:47:49+01:00,STATION,"Foch",1,3,8,0.625,43.610989,3.873345
2026-01-22,04:47:49,2026-01-22T04:47:49+01:00,STATION,"Halles Castellane",0,12,12,0.0,43.609935,3.877208
2026-01-22,04:47:49,2026-01-22T04:47:49+01:00,STATION,"Observatoire",4,3,8,0.625,43.606301,3.87724
2026-01-22,04:47:49,2026-01-22T04:47:49+01:00,STATION,"Rondelet",4,12,16,0.25,43.603038,3.875796
2026-01-22,04:47:49,2026-01-22T04:47:49+01:00,STATION,"Plan Cabanes",5,7,12,0.4166666666666667,43.608491,3.868389
2026-01-22,04:47:49,2026-01-22T04:47:49+01:00,STATION,"Boutonnet",8,4,12,0.6666666666666666,43.622629,3.868375
2026-01-22,04:47:49,2026-01-22T04:47:49+01:00,STATION,"Emile Combes",5,3,8,0.625,43.616742,3.87998
2026-01-22,04:47:49,2026-01-22T04:47:49+01:00,STATION,"Beaux-Arts",6,10,16,0.375,43.616698,3.884981
2026-01-22,04:47:49,2026-01-22T04:47:49+01:00,STATION,"Les Aubes",7,1,8,0.875,43.618692,3.893844
2026-01-22,04:47:49,2026-01-22T04:47:49+01:00,STATION,"Antigone centre",5,7,12,0.4166666666666667,43.607942,3.890634
2026-01-22,04:47:49,2026-01-22T04:47:49+01:00,STATION,"Médiathèque Emile Zola",5,11,16,0.3125,43.608218,3.89314
2026-01-22,04:47:49,2026-01-22T04:47:49+01:00,STATION,"Nombre d Or",4,12,16,0.25,43.607859,3.886644
2026-01-22,04:47:49,2026-01-22T04:47:49+01:00,STATION,"Louis Blanc",8,8,16,0.5,43.614642,3.877648
2026-01-22,04:47:49,2026-01-22T04:47:49+01:00,STATION,"Gambetta",5,3,8,0.625,43.607106,3.870693
2026-01-22,04:47:49,2026-01-22T04:47:49+01:00,STATION,"Port Marianne",6,10,16,0.375,43.60032,3.89851
2026-01-22,04:47:49,2026-01-22T04:47:49+01:00,STATION,"Les Arceaux",1,7,8,0.125,43.612659,3.867734
2026-01-22,04:47:49,2026-01-22T04:47:49+01:00,STATION,"Cité Mion",2,5,8,0.375,43.601143,3.884373
2026-01-22,04:47:49,2026-01-22T04:47:49+01:00,STATION,"Nouveau Saint-Roch",3,5,8,0.375,43.599817,3.875757
2026-01-22,04:47:49,2026-01-22T04:47:49+01:00,STATION,"Renouvier",0,8,8,0.0,43.603553,3.867884
2026-01-22,04:47:49,2026-01-22T04:47:49+01:00,STATION,"Odysseum",0,8,8,0.0,43.603727,3.918979
2026-01-22,04:47:49,2026-01-22T04:47:49+01:00,STATION,"Saint-Denis",0,8,8,0.0,43.605021,3.875065
2026-01-22,04:47:49,2026-01-22T04:47:49+01:00,STATION,"Richter",9,7,16,0.5625,43.603424,3.899263
2026-01-22,04:47:49,2026-01-22T04:47:49+01:00,STATION,"Charles Flahault",6,2,8,0.75,43.622038,3.86672
2026-01-22,04:47:49,2026-01-22T04:47:49+01:00,STATION,"Voltaire",3,5,8,0.375,43.603767,3.888659
2026-01-22,04:47:49,2026-01-22T04:47:49+01:00,STATION,"Prés d Arènes",3,5,8,0.375,43.59048,3.884611
2026-01-22,04:47:49,2026-01-22T04:47:49+01:00,STATION,"Garcia Lorca",3,5,8,0.375,43.590757,3.890616
2026-01-22,04:47:49,2026-01-22T04:47:49+01:00,STATION,"Vert Bois",5,11,16,0.3125,43.63543,3.871179
2026-01-22,04:47:49,2026-01-22T04:47:49+01:00,STATION,"Malbosc",3,5,8,0.375,43.633679,3.832861
2026-01-22,04:47:49,2026-01-22T04:47:49+01:00,STATION,"Occitanie",11,21,32,0.34375,43.635689,3.849597
2026-01-22,04:47:49,2026-01-22T04:47:49+01:00,STATION,"FacdesSciences",20,4,24,0.8333333333333334,43.631318,3.861299
2026-01-22,04:47:49,2026-01-22T04:47:49+01:00,STATION,"Fac de Lettres",8,4,12,0.6666666666666666,43.630437,3.869539
2026-01-22,04:47:49,2026-01-22T04:47:49+01:00,STATION,"Aiguelongue",7,0,8,1.0,43.626163,3.882492
2026-01-22,04:47:49,2026-01-22T04:47:49+01:00,STATION,"Jeu de Mail des Abbés",1,7,8,0.125,43.619701,3.883831
2026-01-22,04:47:49,2026-01-22T04:47:49+01:00,STATION,"Euromédecine",5,3,8,0.625,43.639119,3.828199
2026-01-22,04:47:49,2026-01-22T04:47:49+01:00,STATION,"Marie Caizergues",0,8,8,0.0,43.619871,3.873812
2026-01-22,04:47:49,2026-01-22T04:47:49+01:00,STATION,"Sabines",1,4,8,0.5,43.584211,3.860031
2026-01-22,04:47:49,2026-01-22T04:47:49+01:00,STATION,"Celleneuve",5,3,8,0.625,43.61467,3.832624
2026-01-22,04:47:49,2026-01-22T04:47:49+01:00,STATION,"Jardin de la Lironde",5,3,8,0.625,43.60585,3.911576
2026-01-22,04:47:49,2026-01-22T04:47:49+01:00,STATION,"Père Soulas",5,3,8,0.625,43.621983,3.855603
2026-01-22,04:47:49,2026-01-22T04:47:49+01:00,STATION,"Place Viala",2,5,8,0.375,43.616812,3.855075
2026-01-22,04:47:49,2026-01-22T04:47:49+01:00,STATION,"Hôtel du Département",4,4,8,0.5,43.621682,3.83477
2026-01-22,04:47:49,2026-01-22T04:47:49+01:00,STATION,"Tonnelles",3,5,8,0.375,43.615155,3.839466
2026-01-22,04:47:49,2026-01-22T04:47:49+01:00,STATION,"Parvis Jules Ferry - Gare Saint-Roch",4,4,8,0.5,43.603889,3.879362
2026-01-22,04:47:49,2026-01-22T04:47:49+01:00,STATION,"Pont de Lattes - Gare Saint-Roch",3,9,12,0.25,43.606036,3.882393
2026-01-22,04:47:49,2026-01-22T04:47:49+01:00,STATION,"Deux Ponts - Gare Saint-Roch",0,8,8,0.0,43.604319,3.880916
2026-01-22,04:47:49,2026-01-22T04:47:49+01:00,STATION,"Providence - Ovalie",4,4,8,0.5,43.588239,3.853421
2026-01-22,04:47:49,2026-01-22T04:47:49+01:00,STATION,"Pérols Etang de l Or",35,32,68,0.5294117647058824,43.558351,3.963412
2026-01-22,04:47:49,2026-01-22T04:47:49+01:00,STATION,"Albert 1er - Cathédrale",4,7,12,0.4166666666666667,43.614005,3.873218
2026-01-22,04:47:49,2026-01-22T04:47:49+01:00,STATION,"Saint-Guilhem - Courreau",4,4,8,0.5,43.608996,3.872752
2026-01-22,04:47:49,2026-01-22T04:47:49+01:00,STATION,"Sud De France",3,3,8,0.625,43.59562,3.9235
2026-01-22,04:47:49,2026-01-22T04:47:49+01:00,STATION,"Comedie Baudin",0,8,8,0.0,43.608717,3.880787
2026-01-22,04:47:49,2026-01-22T04:47:49+01:00,STATION,"Jean de Beins",1,15,16,0.0625,43.609857,3.883884
2026-01-22,05:48:32,2026-01-22T05:48:32+01:00,STATION,"Rue Jules Ferry - Gare Saint-Roch",7,5,12,0.5833333333333334,43.605366,3.881346
2026-01-22,05:48:32,2026-01-22T05:48:32+01:00,STATION,"Comédie",10,10,20,0.5,43.608148,3.878778
2026-01-22,05:48:32,2026-01-22T05:48:32+01:00,STATION,"Hôtel de Ville",7,9,16,0.4375,43.599088,3.894866
2026-01-22,05:48:32,2026-01-22T05:48:32+01:00,STATION,"Corum",7,2,12,0.8333333333333334,43.613989,3.8816
2026-01-22,05:48:32,2026-01-22T05:48:32+01:00,STATION,"Place Albert 1er - St Charles",8,19,27,0.2962962962962963,43.616768,3.873375
2026-01-22,05:48:32,2026-01-22T05:48:32+01:00,STATION,"Foch",1,3,8,0.625,43.610989,3.873345
2026-01-22,05:48:32,2026-01-22T05:48:32+01:00,STATION,"Halles Castellane",0,12,12,0.0,43.609935,3.877208
2026-01-22,05:48:32,2026-01-22T05:48:32+01:00,STATION,"Observatoire",4,3,8,0.625,43.606301,3.87724
2026-01-22,05:48:32,2026-01-22T05:48:32+01:00,STATION,"Rondelet",4,12,16,0.25,43.603038,3.875796
2026-01-22,05:48:32,2026-01-22T05:48:32+01:00,STATION,"Plan Cabanes",5,7,12,0.4166666666666667,43.608491,3.868389
2026-01-22,05:48:32,2026-01-22T05:48:32+01:00,STATION,"Boutonnet",8,4,12,0.6666666666666666,43.622629,3.868375
2026-01-22,05:48:32,2026-01-22T05:48:32+01:00,STATION,"Emile Combes",5,3,8,0.625,43.616742,3.87998
2026-01-22,05:48:32,2026-01-22T05:48:32+01:00,STATION,"Beaux-Arts",6,10,16,0.375,43.616698,3.884981
2026-01-22,05:48:32,2026-01-22T05:48:32+01:00,STATION,"Les Aubes",7,1,8,0.875,43.618692,3.893844
2026-01-22,05:48:32,2026-01-22T05:48:32+01:00,STATION,"Antigone centre",5,7,12,0.4166666666666667,43.607942,3.890634
2026-01-22,05:48:32,2026-01-22T05:48:32+01:00,STATION,"Médiathèque Emile Zola",5,11,16,0.3125,43.608218,3.89314
2026-01-22,05:48:32,2026-01-22T05:48:32+01:00,STATION,"Nombre d Or",4,12,16,0.25,43.607859,3.886644
2026-01-22,05:48:32,2026-01-22T05:48:32+01:00,STATION,"Louis Blanc",8,8,16,0.5,43.614642,3.877648
2026-01-22,05:48:32,2026-01-22T05:48:32+01:00,STATION,"Gambetta",5,3,8,0.625,43.607106,3.870693
2026-01-22,05:48:32,2026-01-22T05:48:32+01:00,STATION,"Port Marianne",6,10,16,0.375,43.60032,3.89851
2026-01-22,05:48:32,2026-01-22T05:48:32+01:00,STATION,"Les Arceaux",1,7,8,0.125,43.612659,3.867734
2026-01-22,05:48:32,2026-01-22T05:48:32+01:00,STATION,"Cité Mion",2,5,8,0.375,43.601143,3.884373
2026-01-22,05:48:32,2026-01-22T05:48:32+01:00,STATION,"Nouveau Saint-Roch",3,5,8,0.375,43.599817,3.875757
2026-01-22,05:48:32,2026-01-22T05:48:32+01:00,STATION,"Renouvier",0,8,8,0.0,43.603553,3.867884
2026-01-22,05:48:32,2026-01-22T05:48:32+01:00,STATION,"Odysseum",0,8,8,0.0,43.603727,3.918979
2026-01-22,05:48:32,2026-01-22T05:48:32+01:00,STATION,"Saint-Denis",0,8,8,0.0,43.605021,3.875065
2026-01-22,05:48:32,2026-01-22T05:48:32+01:00,STATION,"Richter",9,7,16,0.5625,43.603424,3.899263
2026-01-22,05:48:32,2026-01-22T05:48:32+01:00,STATION,"Charles Flahault",6,2,8,0.75,43.622038,3.86672
2026-01-22,05:48:32,2026-01-22T05:48:32+01:00,STATION,"Voltaire",3,5,8,0.375,43.603767,3.888659
2026-01-22,05:48:32,2026-01-22T05:48:32+01:00,STATION,"Prés d Arènes",3,5,8,0.375,43.59048,3.884611
2026-01-22,05:48:32,2026-01-22T05:48:32+01:00,STATION,"Garcia Lorca",3,5,8,0.375,43.590757,3.890616
2026-01-22,05:48:32,2026-01-22T05:48:32+01:00,STATION,"Vert Bois",5,11,16,0.3125,43.63543,3.871179
2026-01-22,05:48:32,2026-01-22T05:48:32+01:00,STATION,"Malbosc",3,5,8,0.375,43.633679,3.832861
2026-01-22,05:48:32,2026-01-22T05:48:32+01:00,STATION,"Occitanie",11,21,32,0.34375,43.635689,3.849597
2026-01-22,05:48:32,2026-01-22T05:48:32+01:00,STATION,"FacdesSciences",20,4,24,0.8333333333333334,43.631318,3.861299
2026-01-22,05:48:32,2026-01-22T05:48:32+01:00,STATION,"Fac de Lettres",8,4,12,0.6666666666666666,43.630437,3.869539
2026-01-22,05:48:32,2026-01-22T05:48:32+01:00,STATION,"Aiguelongue",7,0,8,1.0,43.626163,3.882492
2026-01-22,05:48:32,2026-01-22T05:48:32+01:00,STATION,"Jeu de Mail des Abbés",1,7,8,0.125,43.619701,3.883831
2026-01-22,05:48:32,2026-01-22T05:48:32+01:00,STATION,"Euromédecine",5,3,8,0.625,43.639119,3.828199
2026-01-22,05:48:32,2026-01-22T05:48:32+01:00,STATION,"Marie Caizergues",0,8,8,0.0,43.619871,3.873812
2026-01-22,05:48:32,2026-01-22T05:48:32+01:00,STATION,"Sabines",1,4,8,0.5,43.584211,3.860031
2026-01-22,05:48:32,2026-01-22T05:48:32+01:00,STATION,"Celleneuve",5,3,8,0.625,43.61467,3.832624
2026-01-22,05:48:32,2026-01-22T05:48:32+01:00,STATION,"Jardin de la Lironde",5,3,8,0.625,43.60585,3.911576
2026-01-22,05:48:32,2026-01-22T05:48:32+01:00,STATION,"Père Soulas",5,3,8,0.625,43.621983,3.855603
2026-01-22,05:48:32,2026-01-22T05:48:32+01:00,STATION,"Place Viala",2,5,8,0.375,43.616812,3.855075
2026-01-22,05:48:32,2026-01-22T05:48:32+01:00,STATION,"Hôtel du Département",4,4,8,0.5,43.621682,3.83477
2026-01-22,05:48:32,2026-01-22T05:48:32+01:00,STATION,"Tonnelles",3,5,8,0.375,43.615155,3.839466
2026-01-22,05:48:32,2026-01-22T05:48:32+01:00,STATION,"Parvis Jules Ferry - Gare Saint-Roch",4,4,8,0.5,43.603889,3.879362
2026-01-22,05:48:32,2026-01-22T05:48:32+01:00,STATION,"Pont de Lattes - Gare Saint-Roch",3,9,12,0.25,43.606036,3.882393
2026-01-22,05:48:32,2026-01-22T05:48:32+01:00,STATION,"Deux Ponts - Gare Saint-Roch",0,8,8,0.0,43.604319,3.880916
2026-01-22,05:48:32,2026-01-22T05:48:32+01:00,STATION,"Providence - Ovalie",4,4,8,0.5,43.588239,3.853421
2026-01-22,05:48:32,2026-01-22T05:48:32+01:00,STATION,"Pérols Etang de l Or",35,32,68,0.5294117647058824,43.558351,3.963412
2026-01-22,05:48:32,2026-01-22T05:48:32+01:00,STATION,"Albert 1er - Cathédrale",4,7,12,0.4166666666666667,43.614005,3.873218
2026-01-22,05:48:32,2026-01-22T05:48:32+01:00,STATION,"Saint-Guilhem - Courreau",4,4,8,0.5,43.608996,3.872752
2026-01-22,05:48:32,2026-01-22T05:48:32+01:00,STATION,"Sud De France",3,3,8,0.625,43.59562,3.9235
2026-01-22,05:48:32,2026-01-22T05:48:32+01:00,STATION,"Comedie Baudin",0,8,8,0.0,43.608717,3.880787
2026-01-22,05:48:32,2026-01-22T05:48:32+01:00,STATION,"Jean de Beins",1,15,16,0.0625,43.609857,3.883884
2026-01-22,06:28:23,2026-01-22T06:28:23+01:00,STATION,"Rue Jules Ferry - Gare Saint-Roch",7,5,12,0.5833333333333334,43.605366,3.881346
2026-01-22,06:28:23,2026-01-22T06:28:23+01:00,STATION,"Comédie",10,10,20,0.5,43.608148,3.878778
2026-01-22,06:28:23,2026-01-22T06:28:23+01:00,STATION,"Hôtel de Ville",7,9,16,0.4375,43.599088,3.894866
2026-01-22,06:28:23,2026-01-22T06:28:23+01:00,STATION,"Corum",7,2,12,0.8333333333333334,43.613989,3.8816
2026-01-22,06:28:23,2026-01-22T06:28:23+01:00,STATION,"Place Albert 1er - St Charles",8,19,27,0.2962962962962963,43.616768,3.873375
2026-01-22,06:28:23,2026-01-22T06:28:23+01:00,STATION,"Foch",1,3,8,0.625,43.610989,3.873345
2026-01-22,06:28:23,2026-01-22T06:28:23+01:00,STATION,"Halles Castellane",0,12,12,0.0,43.609935,3.877208
2026-01-22,06:28:23,2026-01-22T06:28:23+01:00,STATION,"Observatoire",4,3,8,0.625,43.606301,3.87724
2026-01-22,06:28:23,2026-01-22T06:28:23+01:00,STATION,"Rondelet",4,12,16,0.25,43.603038,3.875796
2026-01-22,06:28:23,2026-01-22T06:28:23+01:00,STATION,"Plan Cabanes",5,7,12,0.4166666666666667,43.608491,3.868389
2026-01-22,06:28:23,2026-01-22T06:28:23+01:00,STATION,"Boutonnet",8,4,12,0.6666666666666666,43.622629,3.868375
2026-01-22,06:28:23,2026-01-22T06:28:23+01:00,STATION,"Emile Combes",5,3,8,0.625,43.616742,3.87998
2026-01-22,06:28:23,2026-01-22T06:28:23+01:00,STATION,"Beaux-Arts",6,10,16,0.375,43.616698,3.884981
2026-01-22,06:28:23,2026-01-22T06:28:23+01:00,STATION,"Les Aubes",7,1,8,0.875,43.618692,3.893844
2026-01-22,06:28:23,2026-01-22T06:28:23+01:00,STATION,"Antigone centre",5,7,12,0.4166666666666667,43.607942,3.890634
2026-01-22,06:28:23,2026-01-22T06:28:23+01:00,STATION,"Médiathèque Emile Zola",5,11,16,0.3125,43.608218,3.89314
2026-01-22,06:28:23,2026-01-22T06:28:23+01:00,STATION,"Nombre d Or",4,12,16,0.25,43.607859,3.886644
2026-01-22,06:28:23,2026-01-22T06:28:23+01:00,STATION,"Louis Blanc",8,8,16,0.5,43.614642,3.877648
2026-01-22,06:28:23,2026-01-22T06:28:23+01:00,STATION,"Gambetta",5,3,8,0.625,43.607106,3.870693
2026-01-22,06:28:23,2026-01-22T06:28:23+01:00,STATION,"Port Marianne",6,10,16,0.375,43.60032,3.89851
2026-01-22,06:28:23,2026-01-22T06:28:23+01:00,STATION,"Les Arceaux",1,7,8,0.125,43.612659,3.867734
2026-01-22,06:28:23,2026-01-22T06:28:23+01:00,STATION,"Cité Mion",2,5,8,0.375,43.601143,3.884373
2026-01-22,06:28:23,2026-01-22T06:28:23+01:00,STATION,"Nouveau Saint-Roch",3,5,8,0.375,43.599817,3.875757
2026-01-22,06:28:23,2026-01-22T06:28:23+01:00,STATION,"Renouvier",0,8,8,0.0,43.603553,3.867884
2026-01-22,06:28:23,2026-01-22T06:28:23+01:00,STATION,"Odysseum",0,8,8,0.0,43.603727,3.918979
2026-01-22,06:28:23,2026-01-22T06:28:23+01:00,STATION,"Saint-Denis",0,8,8,0.0,43.605021,3.875065
2026-01-22,06:28:23,2026-01-22T06:28:23+01:00,STATION,"Richter",9,7,16,0.5625,43.603424,3.899263
2026-01-22,06:28:23,2026-01-22T06:28:23+01:00,STATION,"Charles Flahault",6,2,8,0.75,43.622038,3.86672
2026-01-22,06:28:23,2026-01-22T06:28:23+01:00,STATION,"Voltaire",3,5,8,0.375,43.603767,3.888659
2026-01-22,06:28:23,2026-01-22T06:28:23+01:00,STATION,"Prés d Arènes",3,5,8,0.375,43.59048,3.884611
2026-01-22,06:28:23,2026-01-22T06:28:23+01:00,STATION,"Garcia Lorca",3,5,8,0.375,43.590757,3.890616
2026-01-22,06:28:23,2026-01-22T06:28:23+01:00,STATION,"Vert Bois",5,11,16,0.3125,43.63543,3.871179
2026-01-22,06:28:23,2026-01-22T06:28:23+01:00,STATION,"Malbosc",3,5,8,0.375,43.633679,3.832861
2026-01-22,06:28:23,2026-01-22T06:28:23+01:00,STATION,"Occitanie",11,21,32,0.34375,43.635689,3.849597
2026-01-22,06:28:23,2026-01-22T06:28:23+01:00,STATION,"FacdesSciences",20,4,24,0.8333333333333334,43.631318,3.861299
2026-01-22,06:28:23,2026-01-22T06:28:23+01:00,STATION,"Fac de Lettres",8,4,12,0.6666666666666666,43.630437,3.869539
2026-01-22,06:28:23,2026-01-22T06:28:23+01:00,STATION,"Aiguelongue",7,0,8,1.0,43.626163,3.882492
2026-01-22,06:28:23,2026-01-22T06:28:23+01:00,STATION,"Jeu de Mail des Abbés",1,7,8,0.125,43.619701,3.883831
2026-01-22,06:28:23,2026-01-22T06:28:23+01:00,STATION,"Euromédecine",5,3,8,0.625,43.639119,3.828199
2026-01-22,06:28:23,2026-01-22T06:28:23+01:00,STATION,"Marie Caizergues",0,8,8,0.0,43.619871,3.873812
2026-01-22,06:28:23,2026-01-22T06:28:23+01:00,STATION,"Sabines",1,4,8,0.5,43.584211,3.860031
2026-01-22,06:28:23,2026-01-22T06:28:23+01:00,STATION,"Celleneuve",5,3,8,0.625,43.61467,3.832624
2026-01-22,06:28:23,2026-01-22T06:28:23+01:00,STATION,"Jardin de la Lironde",5,3,8,0.625,43.60585,3.911576
2026-01-22,06:28:23,2026-01-22T06:28:23+01:00,STATION,"Père Soulas",5,3,8,0.625,43.621983,3.855603
2026-01-22,06:28:23,2026-01-22T06:28:23+01:00,STATION,"Place Viala",2,5,8,0.375,43.616812,3.855075
2026-01-22,06:28:23,2026-01-22T06:28:23+01:00,STATION,"Hôtel du Département",4,4,8,0.5,43.621682,3.83477
2026-01-22,06:28:23,2026-01-22T06:28:23+01:00,STATION,"Tonnelles",3,5,8,0.375,43.615155,3.839466
2026-01-22,06:28:23,2026-01-22T06:28:23+01:00,STATION,"Parvis Jules Ferry - Gare Saint-Roch",4,4,8,0.5,43.603889,3.879362
2026-01-22,06:28:23,2026-01-22T06:28:23+01:00,STATION,"Pont de Lattes - Gare Saint-Roch",3,9,12,0.25,43.606036,3.882393
2026-01-22,06:28:23,2026-01-22T06:28:23+01:00,STATION,"Deux Ponts - Gare Saint-Roch",0,8,8,0.0,43.604319,3.880916
2026-01-22,06:28:23,2026-01-22T06:28:23+01:00,STATION,"Providence - Ovalie",4,4,8,0.5,43.588239,3.853421
2026-01-22,06:28:23,2026-01-22T06:28:23+01:00,STATION,"Pérols Etang de l Or",35,32,68,0.5294117647058824,43.558351,3.963412
2026-01-22,06:28:23,2026-01-22T06:28:23+01:00,STATION,"Albert 1er - Cathédrale",4,7,12,0.4166666666666667,43.614005,3.873218
2026-01-22,06:28:23,2026-01-22T06:28:23+01:00,STATION,"Saint-Guilhem - Courreau",4,4,8,0.5,43.608996,3.872752
2026-01-22,06:28:23,2026-01-22T06:28:23+01:00,STATION,"Sud De France",3,3,8,0.625,43.59562,3.9235
2026-01-22,06:28:23,2026-01-22T06:28:23+01:00,STATION,"Comedie Baudin",0,8,8,0.0,43.608717,3.880787
2026-01-22,06:28:23,2026-01-22T06:28:23+01:00,STATION,"Jean de Beins",1,15,16,0.0625,43.609857,3.883884
2026-01-22,06:53:55,2026-01-22T06:53:55+01:00,STATION,"Rue Jules Ferry - Gare Saint-Roch",7,5,12,0.5833333333333334,43.605366,3.881346
2026-01-22,06:53:55,2026-01-22T06:53:55+01:00,STATION,"Comédie",10,10,20,0.5,43.608148,3.878778
2026-01-22,06:53:55,2026-01-22T06:53:55+01:00,STATION,"Hôtel de Ville",7,9,16,0.4375,43.599088,3.894866
2026-01-22,06:53:55,2026-01-22T06:53:55+01:00,STATION,"Corum",7,2,12,0.8333333333333334,43.613989,3.8816
2026-01-22,06:53:55,2026-01-22T06:53:55+01:00,STATION,"Place Albert 1er - St Charles",8,19,27,0.2962962962962963,43.616768,3.873375
2026-01-22,06:53:55,2026-01-22T06:53:55+01:00,STATION,"Foch",1,3,8,0.625,43.610989,3.873345
2026-01-22,06:53:55,2026-01-22T06:53:55+01:00,STATION,"Halles Castellane",0,12,12,0.0,43.609935,3.877208
2026-01-22,06:53:55,2026-01-22T06:53:55+01:00,STATION,"Observatoire",4,3,8,0.625,43.606301,3.87724
2026-01-22,06:53:55,2026-01-22T06:53:55+01:00,STATION,"Rondelet",4,12,16,0.25,43.603038,3.875796
2026-01-22,06:53:55,2026-01-22T06:53:55+01:00,STATION,"Plan Cabanes",5,7,12,0.4166666666666667,43.608491,3.868389
2026-01-22,06:53:55,2026-01-22T06:53:55+01:00,STATION,"Boutonnet",8,4,12,0.6666666666666666,43.622629,3.868375
2026-01-22,06:53:55,2026-01-22T06:53:55+01:00,STATION,"Emile Combes",5,3,8,0.625,43.616742,3.87998
2026-01-22,06:53:55,2026-01-22T06:53:55+01:00,STATION,"Beaux-Arts",6,10,16,0.375,43.616698,3.884981
2026-01-22,06:53:55,2026-01-22T06:53:55+01:00,STATION,"Les Aubes",7,1,8,0.875,43.618692,3.893844
2026-01-22,06:53:55,2026-01-22T06:53:55+01:00,STATION,"Antigone centre",5,7,12,0.4166666666666667,43.607942,3.890634
2026-01-22,06:53:55,2026-01-22T06:53:55+01:00,STATION,"Médiathèque Emile Zola",5,11,16,0.3125,43.608218,3.89314
2026-01-22,06:53:55,2026-01-22T06:53:55+01:00,STATION,"Nombre d Or",4,12,16,0.25,43.607859,3.886644
2026-01-22,06:53:55,2026-01-22T06:53:55+01:00,STATION,"Louis Blanc",8,8,16,0.5,43.614642,3.877648
2026-01-22,06:53:55,2026-01-22T06:53:55+01:00,STATION,"Gambetta",5,3,8,0.625,43.607106,3.870693
2026-01-22,06:53:55,2026-01-22T06:53:55+01:00,STATION,"Port Marianne",6,10,16,0.375,43.60032,3.89851
2026-01-22,06:53:55,2026-01-22T06:53:55+01:00,STATION,"Les Arceaux",1,7,8,0.125,43.612659,3.867734
2026-01-22,06:53:55,2026-01-22T06:53:55+01:00,STATION,"Cité Mion",2,5,8,0.375,43.601143,3.884373
2026-01-22,06:53:55,2026-01-22T06:53:55+01:00,STATION,"Nouveau Saint-Roch",3,5,8,0.375,43.599817,3.875757
2026-01-22,06:53:55,2026-01-22T06:53:55+01:00,STATION,"Renouvier",0,8,8,0.0,43.603553,3.867884
2026-01-22,06:53:55,2026-01-22T06:53:55+01:00,STATION,"Odysseum",0,8,8,0.0,43.603727,3.918979
2026-01-22,06:53:55,2026-01-22T06:53:55+01:00,STATION,"Saint-Denis",0,8,8,0.0,43.605021,3.875065
2026-01-22,06:53:55,2026-01-22T06:53:55+01:00,STATION,"Richter",9,7,16,0.5625,43.603424,3.899263
2026-01-22,06:53:55,2026-01-22T06:53:55+01:00,STATION,"Charles Flahault",6,2,8,0.75,43.622038,3.86672
2026-01-22,06:53:55,2026-01-22T06:53:55+01:00,STATION,"Voltaire",3,5,8,0.375,43.603767,3.888659
2026-01-22,06:53:55,2026-01-22T06:53:55+01:00,STATION,"Prés d Arènes",3,5,8,0.375,43.59048,3.884611
2026-01-22,06:53:55,2026-01-22T06:53:55+01:00,STATION,"Garcia Lorca",3,5,8,0.375,43.590757,3.890616
2026-01-22,06:53:55,2026-01-22T06:53:55+01:00,STATION,"Vert Bois",5,11,16,0.3125,43.63543,3.871179
2026-01-22,06:53:55,2026-01-22T06:53:55+01:00,STATION,"Malbosc",3,5,8,0.375,43.633679,3.832861
2026-01-22,06:53:55,2026-01-22T06:53:55+01:00,STATION,"Occitanie",11,21,32,0.34375,43.635689,3.849597
2026-01-22,06:53:55,2026-01-22T06:53:55+01:00,STATION,"FacdesSciences",20,4,24,0.8333333333333334,43.631318,3.861299
2026-01-22,06:53:55,2026-01-22T06:53:55+01:00,STATION,"Fac de Lettres",8,4,12,0.6666666666666666,43.630437,3.869539
2026-01-22,06:53:55,2026-01-22T06:53:55+01:00,STATION,"Aiguelongue",7,0,8,1.0,43.626163,3.882492
2026-01-22,06:53:55,2026-01-22T06:53:55+01:00,STATION,"Jeu de Mail des Abbés",1,7,8,0.125,43.619701,3.883831
2026-01-22,06:53:55,2026-01-22T06:53:55+01:00,STATION,"Euromédecine",5,3,8,0.625,43.639119,3.828199
2026-01-22,06:53:55,2026-01-22T06:53:55+01:00,STATION,"Marie Caizergues",0,8,8,0.0,43.619871,3.873812
2026-01-22,06:53:55,2026-01-22T06:53:55+01:00,STATION,"Sabines",1,4,8,0.5,43.584211,3.860031
2026-01-22,06:53:55,2026-01-22T06:53:55+01:00,STATION,"Celleneuve",5,3,8,0.625,43.61467,3.832624
2026-01-22,06:53:55,2026-01-22T06:53:55+01:00,STATION,"Jardin de la Lironde",5,3,8,0.625,43.60585,3.911576
2026-01-22,06:53:55,2026-01-22T06:53:55+01:00,STATION,"Père Soulas",5,3,8,0.625,43.621983,3.855603
2026-01-22,06:53:55,2026-01-22T06:53:55+01:00,STATION,"Place Viala",2,5,8,0.375,43.616812,3.855075
2026-01-22,06:53:55,2026-01-22T06:53:55+01:00,STATION,"Hôtel du Département",4,4,8,0.5,43.621682,3.83477
2026-01-22,06:53:55,2026-01-22T06:53:55+01:00,STATION,"Tonnelles",3,5,8,0.375,43.615155,3.839466
2026-01-22,06:53:55,2026-01-22T06:53:55+01:00,STATION,"Parvis Jules Ferry - Gare Saint-Roch",4,4,8,0.5,43.603889,3.879362
2026-01-22,06:53:55,2026-01-22T06:53:55+01:00,STATION,"Pont de Lattes - Gare Saint-Roch",3,9,12,0.25,43.606036,3.882393
2026-01-22,06:53:55,2026-01-22T06:53:55+01:00,STATION,"Deux Ponts - Gare Saint-Roch",0,8,8,0.0,43.604319,3.880916
2026-01-22,06:53:55,2026-01-22T06:53:55+01:00,STATION,"Providence - Ovalie",4,4,8,0.5,43.588239,3.853421
2026-01-22,06:53:55,2026-01-22T06:53:55+01:00,STATION,"Pérols Etang de l Or",35,32,68,0.5294117647058824,43.558351,3.963412
2026-01-22,06:53:55,2026-01-22T06:53:55+01:00,STATION,"Albert 1er - Cathédrale",4,7,12,0.4166666666666667,43.614005,3.873218
2026-01-22,06:53:55,2026-01-22T06:53:55+01:00,STATION,"Saint-Guilhem - Courreau",4,4,8,0.5,43.608996,3.872752
2026-01-22,06:53:55,2026-01-22T06:53:55+01:00,STATION,"Sud De France",3,3,8,0.625,43.59562,3.9235
2026-01-22,06:53:55,2026-01-22T06:53:55+01:00,STATION,"Comedie Baudin",0,8,8,0.0,43.608717,3.880787
2026-01-22,06:53:55,2026-01-22T06:53:55+01:00,STATION,"Jean de Beins",1,15,16,0.0625,43.609857,3.883884
2026-01-22,07:35:34,2026-01-22T07:35:34+01:00,STATION,"Rue Jules Ferry - Gare Saint-Roch",7,5,12,0.5833333333333334,43.605366,3.881346
2026-01-22,07:35:34,2026-01-22T07:35:34+01:00,STATION,"Comédie",10,10,20,0.5,43.608148,3.878778
2026-01-22,07:35:34,2026-01-22T07:35:34+01:00,STATION,"Hôtel de Ville",7,9,16,0.4375,43.599088,3.894866
2026-01-22,07:35:34,2026-01-22T07:35:34+01:00,STATION,"Corum",7,2,12,0.8333333333333334,43.613989,3.8816
2026-01-22,07:35:34,2026-01-22T07:35:34+01:00,STATION,"Place Albert 1er - St Charles",8,19,27,0.2962962962962963,43.616768,3.873375
2026-01-22,07:35:34,2026-01-22T07:35:34+01:00,STATION,"Foch",1,3,8,0.625,43.610989,3.873345
2026-01-22,07:35:34,2026-01-22T07:35:34+01:00,STATION,"Halles Castellane",0,12,12,0.0,43.609935,3.877208
2026-01-22,07:35:34,2026-01-22T07:35:34+01:00,STATION,"Observatoire",4,3,8,0.625,43.606301,3.87724
2026-01-22,07:35:34,2026-01-22T07:35:34+01:00,STATION,"Rondelet",4,12,16,0.25,43.603038,3.875796
2026-01-22,07:35:34,2026-01-22T07:35:34+01:00,STATION,"Plan Cabanes",5,7,12,0.4166666666666667,43.608491,3.868389
2026-01-22,07:35:34,2026-01-22T07:35:34+01:00,STATION,"Boutonnet",8,4,12,0.6666666666666666,43.622629,3.868375
2026-01-22,07:35:34,2026-01-22T07:35:34+01:00,STATION,"Emile Combes",5,3,8,0.625,43.616742,3.87998
2026-01-22,07:35:34,2026-01-22T07:35:34+01:00,STATION,"Beaux-Arts",6,10,16,0.375,43.616698,3.884981
2026-01-22,07:35:34,2026-01-22T07:35:34+01:00,STATION,"Les Aubes",7,1,8,0.875,43.618692,3.893844
2026-01-22,07:35:34,2026-01-22T07:35:34+01:00,STATION,"Antigone centre",5,7,12,0.4166666666666667,43.607942,3.890634
2026-01-22,07:35:34,2026-01-22T07:35:34+01:00,STATION,"Médiathèque Emile Zola",5,11,16,0.3125,43.608218,3.89314
2026-01-22,07:35:34,2026-01-22T07:35:34+01:00,STATION,"Nombre d Or",4,12,16,0.25,43.607859,3.886644
2026-01-22,07:35:34,2026-01-22T07:35:34+01:00,STATION,"Louis Blanc",8,8,16,0.5,43.614642,3.877648
2026-01-22,07:35:34,2026-01-22T07:35:34+01:00,STATION,"Gambetta",5,3,8,0.625,43.607106,3.870693
2026-01-22,07:35:34,2026-01-22T07:35:34+01:00,STATION,"Port Marianne",6,10,16,0.375,43.60032,3.89851
2026-01-22,07:35:34,2026-01-22T07:35:34+01:00,STATION,"Les Arceaux",1,7,8,0.125,43.612659,3.867734
2026-01-22,07:35:34,2026-01-22T07:35:34+01:00,STATION,"Cité Mion",2,5,8,0.375,43.601143,3.884373
2026-01-22,07:35:34,2026-01-22T07:35:34+01:00,STATION,"Nouveau Saint-Roch",3,5,8,0.375,43.599817,3.875757
2026-01-22,07:35:34,2026-01-22T07:35:34+01:00,STATION,"Renouvier",0,8,8,0.0,43.603553,3.867884
2026-01-22,07:35:34,2026-01-22T07:35:34+01:00,STATION,"Odysseum",0,8,8,0.0,43.603727,3.918979
2026-01-22,07:35:34,2026-01-22T07:35:34+01:00,STATION,"Saint-Denis",0,8,8,0.0,43.605021,3.875065
2026-01-22,07:35:34,2026-01-22T07:35:34+01:00,STATION,"Richter",9,7,16,0.5625,43.603424,3.899263
2026-01-22,07:35:34,2026-01-22T07:35:34+01:00,STATION,"Charles Flahault",6,2,8,0.75,43.622038,3.86672
2026-01-22,07:35:34,2026-01-22T07:35:34+01:00,STATION,"Voltaire",3,5,8,0.375,43.603767,3.888659
2026-01-22,07:35:34,2026-01-22T07:35:34+01:00,STATION,"Prés d Arènes",3,5,8,0.375,43.59048,3.884611
2026-01-22,07:35:34,2026-01-22T07:35:34+01:00,STATION,"Garcia Lorca",3,5,8,0.375,43.590757,3.890616
2026-01-22,07:35:34,2026-01-22T07:35:34+01:00,STATION,"Vert Bois",5,11,16,0.3125,43.63543,3.871179
2026-01-22,07:35:34,2026-01-22T07:35:34+01:00,STATION,"Malbosc",3,5,8,0.375,43.633679,3.832861
2026-01-22,07:35:34,2026-01-22T07:35:34+01:00,STATION,"Occitanie",11,21,32,0.34375,43.635689,3.849597
2026-01-22,07:35:34,2026-01-22T07:35:34+01:00,STATION,"FacdesSciences",20,4,24,0.8333333333333334,43.631318,3.861299
2026-01-22,07:35:34,2026-01-22T07:35:34+01:00,STATION,"Fac de Lettres",8,4,12,0.6666666666666666,43.630437,3.869539
2026-01-22,07:35:34,2026-01-22T07:35:34+01:00,STATION,"Aiguelongue",7,0,8,1.0,43.626163,3.882492
2026-01-22,07:35:34,2026-01-22T07:35:34+01:00,STATION,"Jeu de Mail des Abbés",1,7,8,0.125,43.619701,3.883831
2026-01-22,07:35:34,2026-01-22T07:35:34+01:00,STATION,"Euromédecine",5,3,8,0.625,43.639119,3.828199
2026-01-22,07:35:34,2026-01-22T07:35:34+01:00,STATION,"Marie Caizergues",0,8,8,0.0,43.619871,3.873812
2026-01-22,07:35:34,2026-01-22T07:35:34+01:00,STATION,"Sabines",1,4,8,0.5,43.584211,3.860031
2026-01-22,07:35:34,2026-01-22T07:35:34+01:00,STATION,"Celleneuve",5,3,8,0.625,43.61467,3.832624
2026-01-22,07:35:34,2026-01-22T07:35:34+01:00,STATION,"Jardin de la Lironde",5,3,8,0.625,43.60585,3.911576
2026-01-22,07:35:34,2026-01-22T07:35:34+01:00,STATION,"Père Soulas",5,3,8,0.625,43.621983,3.855603
2026-01-22,07:35:34,2026-01-22T07:35:34+01:00,STATION,"Place Viala",2,5,8,0.375,43.616812,3.855075
2026-01-22,07:35:34,2026-01-22T07:35:34+01:00,STATION,"Hôtel du Département",4,4,8,0.5,43.621682,3.83477
2026-01-22,07:35:34,2026-01-22T07:35:34+01:00,STATION,"Tonnelles",3,5,8,0.375,43.615155,3.839466
2026-01-22,07:35:34,2026-01-22T07:35:34+01:00,STATION,"Parvis Jules Ferry - Gare Saint-Roch",4,4,8,0.5,43.603889,3.879362
2026-01-22,07:35:34,2026-01-22T07:35:34+01:00,STATION,"Pont de Lattes - Gare Saint-Roch",3,9,12,0.25,43.606036,3.882393
2026-01-22,07:35:34,2026-01-22T07:35:34+01:00,STATION,"Deux Ponts - Gare Saint-Roch",0,8,8,0.0,43.604319,3.880916
2026-01-22,07:35:34,2026-01-22T07:35:34+01:00,STATION,"Providence - Ovalie",4,4,8,0.5,43.588239,3.853421
2026-01-22,07:35:34,2026-01-22T07:35:34+01:00,STATION,"Pérols Etang de l Or",35,32,68,0.5294117647058824,43.558351,3.963412
2026-01-22,07:35:34,2026-01-22T07:35:34+01:00,STATION,"Albert 1er - Cathédrale",4,7,12,0.4166666666666667,43.614005,3.873218
2026-01-22,07:35:34,2026-01-22T07:35:34+01:00,STATION,"Saint-Guilhem - Courreau",4,4,8,0.5,43.608996,3.872752
2026-01-22,07:35:34,2026-01-22T07:35:34+01:00,STATION,"Sud De France",3,3,8,0.625,43.59562,3.9235
2026-01-22,07:35:34,2026-01-22T07:35:34+01:00,STATION,"Comedie Baudin",0,8,8,0.0,43.608717,3.880787
2026-01-22,07:35:34,2026-01-22T07:35:34+01:00,STATION,"Jean de Beins",1,15,16,0.0625,43.609857,3.883884
2026-01-22,08:27:38,2026-01-22T08:27:38+01:00,STATION,"Rue Jules Ferry - Gare Saint-Roch",7,5,12,0.5833333333333334,43.605366,3.881346
2026-01-22,08:27:38,2026-01-22T08:27:38+01:00,STATION,"Comédie",10,10,20,0.5,43.608148,3.878778
2026-01-22,08:27:38,2026-01-22T08:27:38+01:00,STATION,"Hôtel de Ville",7,9,16,0.4375,43.599088,3.894866
2026-01-22,08:27:38,2026-01-22T08:27:38+01:00,STATION,"Corum",7,2,12,0.8333333333333334,43.613989,3.8816
2026-01-22,08:27:38,2026-01-22T08:27:38+01:00,STATION,"Place Albert 1er - St Charles",8,19,27,0.2962962962962963,43.616768,3.873375
2026-01-22,08:27:38,2026-01-22T08:27:38+01:00,STATION,"Foch",1,3,8,0.625,43.610989,3.873345
2026-01-22,08:27:38,2026-01-22T08:27:38+01:00,STATION,"Halles Castellane",0,12,12,0.0,43.609935,3.877208
2026-01-22,08:27:38,2026-01-22T08:27:38+01:00,STATION,"Observatoire",4,3,8,0.625,43.606301,3.87724
2026-01-22,08:27:38,2026-01-22T08:27:38+01:00,STATION,"Rondelet",4,12,16,0.25,43.603038,3.875796
2026-01-22,08:27:38,2026-01-22T08:27:38+01:00,STATION,"Plan Cabanes",5,7,12,0.4166666666666667,43.608491,3.868389
2026-01-22,08:27:38,2026-01-22T08:27:38+01:00,STATION,"Boutonnet",8,4,12,0.6666666666666666,43.622629,3.868375
2026-01-22,08:27:38,2026-01-22T08:27:38+01:00,STATION,"Emile Combes",5,3,8,0.625,43.616742,3.87998
2026-01-22,08:27:38,2026-01-22T08:27:38+01:00,STATION,"Beaux-Arts",6,10,16,0.375,43.616698,3.884981
2026-01-22,08:27:38,2026-01-22T08:27:38+01:00,STATION,"Les Aubes",7,1,8,0.875,43.618692,3.893844
2026-01-22,08:27:38,2026-01-22T08:27:38+01:00,STATION,"Antigone centre",5,7,12,0.4166666666666667,43.607942,3.890634
2026-01-22,08:27:38,2026-01-22T08:27:38+01:00,STATION,"Médiathèque Emile Zola",5,11,16,0.3125,43.608218,3.89314
2026-01-22,08:27:38,2026-01-22T08:27:38+01:00,STATION,"Nombre d Or",4,12,16,0.25,43.607859,3.886644
2026-01-22,08:27:38,2026-01-22T08:27:38+01:00,STATION,"Louis Blanc",8,8,16,0.5,43.614642,3.877648
2026-01-22,08:27:38,2026-01-22T08:27:38+01:00,STATION,"Gambetta",5,3,8,0.625,43.607106,3.870693
2026-01-22,08:27:38,2026-01-22T08:27:38+01:00,STATION,"Port Marianne",6,10,16,0.375,43.60032,3.89851
2026-01-22,08:27:38,2026-01-22T08:27:38+01:00,STATION,"Les Arceaux",1,7,8,0.125,43.612659,3.867734
2026-01-22,08:27:38,2026-01-22T08:27:38+01:00,STATION,"Cité Mion",2,5,8,0.375,43.601143,3.884373
2026-01-22,08:27:38,2026-01-22T08:27:38+01:00,STATION,"Nouveau Saint-Roch",3,5,8,0.375,43.599817,3.875757
2026-01-22,08:27:38,2026-01-22T08:27:38+01:00,STATION,"Renouvier",0,8,8,0.0,43.603553,3.867884
2026-01-22,08:27:38,2026-01-22T08:27:38+01:00,STATION,"Odysseum",0,8,8,0.0,43.603727,3.918979
2026-01-22,08:27:38,2026-01-22T08:27:38+01:00,STATION,"Saint-Denis",0,8,8,0.0,43.605021,3.875065
2026-01-22,08:27:38,2026-01-22T08:27:38+01:00,STATION,"Richter",9,7,16,0.5625,43.603424,3.899263
2026-01-22,08:27:38,2026-01-22T08:27:38+01:00,STATION,"Charles Flahault",6,2,8,0.75,43.622038,3.86672
2026-01-22,08:27:38,2026-01-22T08:27:38+01:00,STATION,"Voltaire",3,5,8,0.375,43.603767,3.888659
2026-01-22,08:27:38,2026-01-22T08:27:38+01:00,STATION,"Prés d Arènes",3,5,8,0.375,43.59048,3.884611
2026-01-22,08:27:38,2026-01-22T08:27:38+01:00,STATION,"Garcia Lorca",3,5,8,0.375,43.590757,3.890616
2026-01-22,08:27:38,2026-01-22T08:27:38+01:00,STATION,"Vert Bois",5,11,16,0.3125,43.63543,3.871179
2026-01-22,08:27:38,2026-01-22T08:27:38+01:00,STATION,"Malbosc",3,5,8,0.375,43.633679,3.832861
2026-01-22,08:27:38,2026-01-22T08:27:38+01:00,STATION,"Occitanie",11,21,32,0.34375,43.635689,3.849597
2026-01-22,08:27:38,2026-01-22T08:27:38+01:00,STATION,"FacdesSciences",20,4,24,0.8333333333333334,43.631318,3.861299
2026-01-22,08:27:38,2026-01-22T08:27:38+01:00,STATION,"Fac de Lettres",8,4,12,0.6666666666666666,43.630437,3.869539
2026-01-22,08:27:38,2026-01-22T08:27:38+01:00,STATION,"Aiguelongue",7,0,8,1.0,43.626163,3.882492
2026-01-22,08:27:38,2026-01-22T08:27:38+01:00,STATION,"Jeu de Mail des Abbés",1,7,8,0.125,43.619701,3.883831
2026-01-22,08:27:38,2026-01-22T08:27:38+01:00,STATION,"Euromédecine",5,3,8,0.625,43.639119,3.828199
2026-01-22,08:27:38,2026-01-22T08:27:38+01:00,STATION,"Marie Caizergues",0,8,8,0.0,43.619871,3.873812
2026-01-22,08:27:38,2026-01-22T08:27:38+01:00,STATION,"Sabines",1,4,8,0.5,43.584211,3.860031
2026-01-22,08:27:38,2026-01-22T08:27:38+01:00,STATION,"Celleneuve",5,3,8,0.625,43.61467,3.832624
2026-01-22,08:27:38,2026-01-22T08:27:38+01:00,STATION,"Jardin de la Lironde",5,3,8,0.625,43.60585,3.911576
2026-01-22,08:27:38,2026-01-22T08:27:38+01:00,STATION,"Père Soulas",5,3,8,0.625,43.621983,3.855603
2026-01-22,08:27:38,2026-01-22T08:27:38+01:00,STATION,"Place Viala",2,5,8,0.375,43.616812,3.855075
2026-01-22,08:27:38,2026-01-22T08:27:38+01:00,STATION,"Hôtel du Département",4,4,8,0.5,43.621682,3.83477
2026-01-22,08:27:38,2026-01-22T08:27:38+01:00,STATION,"Tonnelles",3,5,8,0.375,43.615155,3.839466
2026-01-22,08:27:38,2026-01-22T08:27:38+01:00,STATION,"Parvis Jules Ferry - Gare Saint-Roch",4,4,8,0.5,43.603889,3.879362
2026-01-22,08:27:38,2026-01-22T08:27:38+01:00,STATION,"Pont de Lattes - Gare Saint-Roch",3,9,12,0.25,43.606036,3.882393
2026-01-22,08:27:38,2026-01-22T08:27:38+01:00,STATION,"Deux Ponts - Gare Saint-Roch",0,8,8,0.0,43.604319,3.880916
2026-01-22,08:27:38,2026-01-22T08:27:38+01:00,STATION,"Providence - Ovalie",4,4,8,0.5,43.588239,3.853421
2026-01-22,08:27:38,2026-01-22T08:27:38+01:00,STATION,"Pérols Etang de l Or",35,32,68,0.5294117647058824,43.558351,3.963412
2026-01-22,08:27:38,2026-01-22T08:27:38+01:00,STATION,"Albert 1er - Cathédrale",4,7,12,0.4166666666666667,43.614005,3.873218
2026-01-22,08:27:38,2026-01-22T08:27:38+01:00,STATION,"Saint-Guilhem - Courreau",4,4,8,0.5,43.608996,3.872752
2026-01-22,08:27:38,2026-01-22T08:27:38+01:00,STATION,"Sud De France",3,3,8,0.625,43.59562,3.9235
2026-01-22,08:27:38,2026-01-22T08:27:38+01:00,STATION,"Comedie Baudin",0,8,8,0.0,43.608717,3.880787
2026-01-22,08:27:38,2026-01-22T08:27:38+01:00,STATION,"Jean de Beins",1,15,16,0.0625,43.609857,3.883884
2026-01-22,08:49:50,2026-01-22T08:49:50+01:00,STATION,"Rue Jules Ferry - Gare Saint-Roch",7,5,12,0.5833333333333334,43.605366,3.881346
2026-01-22,08:49:50,2026-01-22T08:49:50+01:00,STATION,"Comédie",10,10,20,0.5,43.608148,3.878778
2026-01-22,08:49:50,2026-01-22T08:49:50+01:00,STATION,"Hôtel de Ville",7,9,16,0.4375,43.599088,3.894866
2026-01-22,08:49:50,2026-01-22T08:49:50+01:00,STATION,"Corum",7,2,12,0.8333333333333334,43.613989,3.8816
2026-01-22,08:49:50,2026-01-22T08:49:50+01:00,STATION,"Place Albert 1er - St Charles",8,19,27,0.2962962962962963,43.616768,3.873375
2026-01-22,08:49:50,2026-01-22T08:49:50+01:00,STATION,"Foch",1,3,8,0.625,43.610989,3.873345
2026-01-22,08:49:50,2026-01-22T08:49:50+01:00,STATION,"Halles Castellane",0,12,12,0.0,43.609935,3.877208
2026-01-22,08:49:50,2026-01-22T08:49:50+01:00,STATION,"Observatoire",4,3,8,0.625,43.606301,3.87724
2026-01-22,08:49:50,2026-01-22T08:49:50+01:00,STATION,"Rondelet",4,12,16,0.25,43.603038,3.875796
2026-01-22,08:49:50,2026-01-22T08:49:50+01:00,STATION,"Plan Cabanes",5,7,12,0.4166666666666667,43.608491,3.868389
2026-01-22,08:49:50,2026-01-22T08:49:50+01:00,STATION,"Boutonnet",8,4,12,0.6666666666666666,43.622629,3.868375
2026-01-22,08:49:50,2026-01-22T08:49:50+01:00,STATION,"Emile Combes",5,3,8,0.625,43.616742,3.87998
2026-01-22,08:49:50,2026-01-22T08:49:50+01:00,STATION,"Beaux-Arts",6,10,16,0.375,43.616698,3.884981
2026-01-22,08:49:50,2026-01-22T08:49:50+01:00,STATION,"Les Aubes",7,1,8,0.875,43.618692,3.893844
2026-01-22,08:49:50,2026-01-22T08:49:50+01:00,STATION,"Antigone centre",5,7,12,0.4166666666666667,43.607942,3.890634
2026-01-22,08:49:50,2026-01-22T08:49:50+01:00,STATION,"Médiathèque Emile Zola",5,11,16,0.3125,43.608218,3.89314
2026-01-22,08:49:50,2026-01-22T08:49:50+01:00,STATION,"Nombre d Or",4,12,16,0.25,43.607859,3.886644
2026-01-22,08:49:50,2026-01-22T08:49:50+01:00,STATION,"Louis Blanc",8,8,16,0.5,43.614642,3.877648
2026-01-22,08:49:50,2026-01-22T08:49:50+01:00,STATION,"Gambetta",5,3,8,0.625,43.607106,3.870693
2026-01-22,08:49:50,2026-01-22T08:49:50+01:00,STATION,"Port Marianne",6,10,16,0.375,43.60032,3.89851
2026-01-22,08:49:50,2026-01-22T08:49:50+01:00,STATION,"Les Arceaux",1,7,8,0.125,43.612659,3.867734
2026-01-22,08:49:50,2026-01-22T08:49:50+01:00,STATION,"Cité Mion",2,5,8,0.375,43.601143,3.884373
2026-01-22,08:49:50,2026-01-22T08:49:50+01:00,STATION,"Nouveau Saint-Roch",3,5,8,0.375,43.599817,3.875757
2026-01-22,08:49:50,2026-01-22T08:49:50+01:00,STATION,"Renouvier",0,8,8,0.0,43.603553,3.867884
2026-01-22,08:49:50,2026-01-22T08:49:50+01:00,STATION,"Odysseum",0,8,8,0.0,43.603727,3.918979
2026-01-22,08:49:50,2026-01-22T08:49:50+01:00,STATION,"Saint-Denis",0,8,8,0.0,43.605021,3.875065
2026-01-22,08:49:50,2026-01-22T08:49:50+01:00,STATION,"Richter",9,7,16,0.5625,43.603424,3.899263
2026-01-22,08:49:50,2026-01-22T08:49:50+01:00,STATION,"Charles Flahault",6,2,8,0.75,43.622038,3.86672
2026-01-22,08:49:50,2026-01-22T08:49:50+01:00,STATION,"Voltaire",3,5,8,0.375,43.603767,3.888659
2026-01-22,08:49:50,2026-01-22T08:49:50+01:00,STATION,"Prés d Arènes",3,5,8,0.375,43.59048,3.884611
2026-01-22,08:49:50,2026-01-22T08:49:50+01:00,STATION,"Garcia Lorca",3,5,8,0.375,43.590757,3.890616
2026-01-22,08:49:50,2026-01-22T08:49:50+01:00,STATION,"Vert Bois",5,11,16,0.3125,43.63543,3.871179
2026-01-22,08:49:50,2026-01-22T08:49:50+01:00,STATION,"Malbosc",3,5,8,0.375,43.633679,3.832861
2026-01-22,08:49:50,2026-01-22T08:49:50+01:00,STATION,"Occitanie",11,21,32,0.34375,43.635689,3.849597
2026-01-22,08:49:50,2026-01-22T08:49:50+01:00,STATION,"FacdesSciences",20,4,24,0.8333333333333334,43.631318,3.861299
2026-01-22,08:49:50,2026-01-22T08:49:50+01:00,STATION,"Fac de Lettres",8,4,12,0.6666666666666666,43.630437,3.869539
2026-01-22,08:49:50,2026-01-22T08:49:50+01:00,STATION,"Aiguelongue",7,0,8,1.0,43.626163,3.882492
2026-01-22,08:49:50,2026-01-22T08:49:50+01:00,STATION,"Jeu de Mail des Abbés",1,7,8,0.125,43.619701,3.883831
2026-01-22,08:49:50,2026-01-22T08:49:50+01:00,STATION,"Euromédecine",5,3,8,0.625,43.639119,3.828199
2026-01-22,08:49:50,2026-01-22T08:49:50+01:00,STATION,"Marie Caizergues",0,8,8,0.0,43.619871,3.873812
2026-01-22,08:49:50,2026-01-22T08:49:50+01:00,STATION,"Sabines",1,4,8,0.5,43.584211,3.860031
2026-01-22,08:49:50,2026-01-22T08:49:50+01:00,STATION,"Celleneuve",5,3,8,0.625,43.61467,3.832624
2026-01-22,08:49:50,2026-01-22T08:49:50+01:00,STATION,"Jardin de la Lironde",5,3,8,0.625,43.60585,3.911576
2026-01-22,08:49:50,2026-01-22T08:49:50+01:00,STATION,"Père Soulas",5,3,8,0.625,43.621983,3.855603
2026-01-22,08:49:50,2026-01-22T08:49:50+01:00,STATION,"Place Viala",2,5,8,0.375,43.616812,3.855075
2026-01-22,08:49:50,2026-01-22T08:49:50+01:00,STATION,"Hôtel du Département",4,4,8,0.5,43.621682,3.83477
2026-01-22,08:49:50,2026-01-22T08:49:50+01:00,STATION,"Tonnelles",3,5,8,0.375,43.615155,3.839466
2026-01-22,08:49:50,2026-01-22T08:49:50+01:00,STATION,"Parvis Jules Ferry - Gare Saint-Roch",4,4,8,0.5,43.603889,3.879362
2026-01-22,08:49:50,2026-01-22T08:49:50+01:00,STATION,"Pont de Lattes - Gare Saint-Roch",3,9,12,0.25,43.606036,3.882393
2026-01-22,08:49:50,2026-01-22T08:49:50+01:00,STATION,"Deux Ponts - Gare Saint-Roch",0,8,8,0.0,43.604319,3.880916
2026-01-22,08:49:50,2026-01-22T08:49:50+01:00,STATION,"Providence - Ovalie",4,4,8,0.5,43.588239,3.853421
2026-01-22,08:49:50,2026-01-22T08:49:50+01:00,STATION,"Pérols Etang de l Or",35,32,68,0.5294117647058824,43.558351,3.963412
2026-01-22,08:49:50,2026-01-22T08:49:50+01:00,STATION,"Albert 1er - Cathédrale",4,7,12,0.4166666666666667,43.614005,3.873218
2026-01-22,08:49:50,2026-01-22T08:49:50+01:00,STATION,"Saint-Guilhem - Courreau",4,4,8,0.5,43.608996,3.872752
2026-01-22,08:49:50,2026-01-22T08:49:50+01:00,STATION,"Sud De France",3,3,8,0.625,43.59562,3.9235
2026-01-22,08:49:50,2026-01-22T08:49:50+01:00,STATION,"Comedie Baudin",0,8,8,0.0,43.608717,3.880787
2026-01-22,08:49:50,2026-01-22T08:49:50+01:00,STATION,"Jean de Beins",1,15,16,0.0625,43.609857,3.883884
2026-01-22,09:32:36,2026-01-22T09:32:36+01:00,STATION,"Rue Jules Ferry - Gare Saint-Roch",7,5,12,0.5833333333333334,43.605366,3.881346
2026-01-22,09:32:36,2026-01-22T09:32:36+01:00,STATION,"Comédie",10,10,20,0.5,43.608148,3.878778
2026-01-22,09:32:36,2026-01-22T09:32:36+01:00,STATION,"Hôtel de Ville",7,9,16,0.4375,43.599088,3.894866
2026-01-22,09:32:36,2026-01-22T09:32:36+01:00,STATION,"Corum",7,2,12,0.8333333333333334,43.613989,3.8816
2026-01-22,09:32:36,2026-01-22T09:32:36+01:00,STATION,"Place Albert 1er - St Charles",8,19,27,0.2962962962962963,43.616768,3.873375
2026-01-22,09:32:36,2026-01-22T09:32:36+01:00,STATION,"Foch",1,3,8,0.625,43.610989,3.873345
2026-01-22,09:32:36,2026-01-22T09:32:36+01:00,STATION,"Halles Castellane",0,12,12,0.0,43.609935,3.877208
2026-01-22,09:32:36,2026-01-22T09:32:36+01:00,STATION,"Observatoire",4,3,8,0.625,43.606301,3.87724
2026-01-22,09:32:36,2026-01-22T09:32:36+01:00,STATION,"Rondelet",4,12,16,0.25,43.603038,3.875796
2026-01-22,09:32:36,2026-01-22T09:32:36+01:00,STATION,"Plan Cabanes",5,7,12,0.4166666666666667,43.608491,3.868389
2026-01-22,09:32:36,2026-01-22T09:32:36+01:00,STATION,"Boutonnet",8,4,12,0.6666666666666666,43.622629,3.868375
2026-01-22,09:32:36,2026-01-22T09:32:36+01:00,STATION,"Emile Combes",5,3,8,0.625,43.616742,3.87998
2026-01-22,09:32:36,2026-01-22T09:32:36+01:00,STATION,"Beaux-Arts",6,10,16,0.375,43.616698,3.884981
2026-01-22,09:32:36,2026-01-22T09:32:36+01:00,STATION,"Les Aubes",7,1,8,0.875,43.618692,3.893844
2026-01-22,09:32:36,2026-01-22T09:32:36+01:00,STATION,"Antigone centre",5,7,12,0.4166666666666667,43.607942,3.890634
2026-01-22,09:32:36,2026-01-22T09:32:36+01:00,STATION,"Médiathèque Emile Zola",5,11,16,0.3125,43.608218,3.89314
2026-01-22,09:32:36,2026-01-22T09:32:36+01:00,STATION,"Nombre d Or",4,12,16,0.25,43.607859,3.886644
2026-01-22,09:32:36,2026-01-22T09:32:36+01:00,STATION,"Louis Blanc",8,8,16,0.5,43.614642,3.877648
2026-01-22,09:32:36,2026-01-22T09:32:36+01:00,STATION,"Gambetta",5,3,8,0.625,43.607106,3.870693
2026-01-22,09:32:36,2026-01-22T09:32:36+01:00,STATION,"Port Marianne",6,10,16,0.375,43.60032,3.89851
2026-01-22,09:32:36,2026-01-22T09:32:36+01:00,STATION,"Les Arceaux",1,7,8,0.125,43.612659,3.867734
2026-01-22,09:32:36,2026-01-22T09:32:36+01:00,STATION,"Cité Mion",2,5,8,0.375,43.601143,3.884373
2026-01-22,09:32:36,2026-01-22T09:32:36+01:00,STATION,"Nouveau Saint-Roch",3,5,8,0.375,43.599817,3.875757
2026-01-22,09:32:36,2026-01-22T09:32:36+01:00,STATION,"Renouvier",0,8,8,0.0,43.603553,3.867884
2026-01-22,09:32:36,2026-01-22T09:32:36+01:00,STATION,"Odysseum",0,8,8,0.0,43.603727,3.918979
2026-01-22,09:32:36,2026-01-22T09:32:36+01:00,STATION,"Saint-Denis",0,8,8,0.0,43.605021,3.875065
2026-01-22,09:32:36,2026-01-22T09:32:36+01:00,STATION,"Richter",9,7,16,0.5625,43.603424,3.899263
2026-01-22,09:32:36,2026-01-22T09:32:36+01:00,STATION,"Charles Flahault",6,2,8,0.75,43.622038,3.86672
2026-01-22,09:32:36,2026-01-22T09:32:36+01:00,STATION,"Voltaire",3,5,8,0.375,43.603767,3.888659
2026-01-22,09:32:36,2026-01-22T09:32:36+01:00,STATION,"Prés d Arènes",3,5,8,0.375,43.59048,3.884611
2026-01-22,09:32:36,2026-01-22T09:32:36+01:00,STATION,"Garcia Lorca",3,5,8,0.375,43.590757,3.890616
2026-01-22,09:32:36,2026-01-22T09:32:36+01:00,STATION,"Vert Bois",5,11,16,0.3125,43.63543,3.871179
2026-01-22,09:32:36,2026-01-22T09:32:36+01:00,STATION,"Malbosc",3,5,8,0.375,43.633679,3.832861
2026-01-22,09:32:36,2026-01-22T09:32:36+01:00,STATION,"Occitanie",11,21,32,0.34375,43.635689,3.849597
2026-01-22,09:32:36,2026-01-22T09:32:36+01:00,STATION,"FacdesSciences",20,4,24,0.8333333333333334,43.631318,3.861299
2026-01-22,09:32:36,2026-01-22T09:32:36+01:00,STATION,"Fac de Lettres",8,4,12,0.6666666666666666,43.630437,3.869539
2026-01-22,09:32:36,2026-01-22T09:32:36+01:00,STATION,"Aiguelongue",7,0,8,1.0,43.626163,3.882492
2026-01-22,09:32:36,2026-01-22T09:32:36+01:00,STATION,"Jeu de Mail des Abbés",1,7,8,0.125,43.619701,3.883831
2026-01-22,09:32:36,2026-01-22T09:32:36+01:00,STATION,"Euromédecine",5,3,8,0.625,43.639119,3.828199
2026-01-22,09:32:36,2026-01-22T09:32:36+01:00,STATION,"Marie Caizergues",0,8,8,0.0,43.619871,3.873812
2026-01-22,09:32:36,2026-01-22T09:32:36+01:00,STATION,"Sabines",1,4,8,0.5,43.584211,3.860031
2026-01-22,09:32:36,2026-01-22T09:32:36+01:00,STATION,"Celleneuve",5,3,8,0.625,43.61467,3.832624
2026-01-22,09:32:36,2026-01-22T09:32:36+01:00,STATION,"Jardin de la Lironde",5,3,8,0.625,43.60585,3.911576
2026-01-22,09:32:36,2026-01-22T09:32:36+01:00,STATION,"Père Soulas",5,3,8,0.625,43.621983,3.855603
2026-01-22,09:32:36,2026-01-22T09:32:36+01:00,STATION,"Place Viala",2,5,8,0.375,43.616812,3.855075
2026-01-22,09:32:36,2026-01-22T09:32:36+01:00,STATION,"Hôtel du Département",4,4,8,0.5,43.621682,3.83477
2026-01-22,09:32:36,2026-01-22T09:32:36+01:00,STATION,"Tonnelles",3,5,8,0.375,43.615155,3.839466
2026-01-22,09:32:36,2026-01-22T09:32:36+01:00,STATION,"Parvis Jules Ferry - Gare Saint-Roch",4,4,8,0.5,43.603889,3.879362
2026-01-22,09:32:36,2026-01-22T09:32:36+01:00,STATION,"Pont de Lattes - Gare Saint-Roch",3,9,12,0.25,43.606036,3.882393
2026-01-22,09:32:36,2026-01-22T09:32:36+01:00,STATION,"Deux Ponts - Gare Saint-Roch",0,8,8,0.0,43.604319,3.880916
2026-01-22,09:32:36,2026-01-22T09:32:36+01:00,STATION,"Providence - Ovalie",4,4,8,0.5,43.588239,3.853421
2026-01-22,09:32:36,2026-01-22T09:32:36+01:00,STATION,"Pérols Etang de l Or",35,32,68,0.5294117647058824,43.558351,3.963412
2026-01-22,09:32:36,2026-01-22T09:32:36+01:00,STATION,"Albert 1er - Cathédrale",4,7,12,0.4166666666666667,43.614005,3.873218
2026-01-22,09:32:36,2026-01-22T09:32:36+01:00,STATION,"Saint-Guilhem - Courreau",4,4,8,0.5,43.608996,3.872752
2026-01-22,09:32:36,2026-01-22T09:32:36+01:00,STATION,"Sud De France",3,3,8,0.625,43.59562,3.9235
2026-01-22,09:32:36,2026-01-22T09:32:36+01:00,STATION,"Comedie Baudin",0,8,8,0.0,43.608717,3.880787
2026-01-22,09:32:36,2026-01-22T09:32:36+01:00,STATION,"Jean de Beins",1,15,16,0.0625,43.609857,3.883884
2026-01-22,10:32:21,2026-01-22T10:32:21+01:00,STATION,"Rue Jules Ferry - Gare Saint-Roch",7,5,12,0.5833333333333334,43.605366,3.881346
2026-01-22,10:32:21,2026-01-22T10:32:21+01:00,STATION,"Comédie",10,10,20,0.5,43.608148,3.878778
2026-01-22,10:32:21,2026-01-22T10:32:21+01:00,STATION,"Hôtel de Ville",7,9,16,0.4375,43.599088,3.894866
2026-01-22,10:32:21,2026-01-22T10:32:21+01:00,STATION,"Corum",7,2,12,0.8333333333333334,43.613989,3.8816
2026-01-22,10:32:21,2026-01-22T10:32:21+01:00,STATION,"Place Albert 1er - St Charles",8,19,27,0.2962962962962963,43.616768,3.873375
2026-01-22,10:32:21,2026-01-22T10:32:21+01:00,STATION,"Foch",1,3,8,0.625,43.610989,3.873345
2026-01-22,10:32:21,2026-01-22T10:32:21+01:00,STATION,"Halles Castellane",0,12,12,0.0,43.609935,3.877208
2026-01-22,10:32:21,2026-01-22T10:32:21+01:00,STATION,"Observatoire",4,3,8,0.625,43.606301,3.87724
2026-01-22,10:32:21,2026-01-22T10:32:21+01:00,STATION,"Rondelet",4,12,16,0.25,43.603038,3.875796
2026-01-22,10:32:21,2026-01-22T10:32:21+01:00,STATION,"Plan Cabanes",5,7,12,0.4166666666666667,43.608491,3.868389
2026-01-22,10:32:21,2026-01-22T10:32:21+01:00,STATION,"Boutonnet",8,4,12,0.6666666666666666,43.622629,3.868375
2026-01-22,10:32:21,2026-01-22T10:32:21+01:00,STATION,"Emile Combes",5,3,8,0.625,43.616742,3.87998
2026-01-22,10:32:21,2026-01-22T10:32:21+01:00,STATION,"Beaux-Arts",6,10,16,0.375,43.616698,3.884981
2026-01-22,10:32:21,2026-01-22T10:32:21+01:00,STATION,"Les Aubes",7,1,8,0.875,43.618692,3.893844
2026-01-22,10:32:21,2026-01-22T10:32:21+01:00,STATION,"Antigone centre",5,7,12,0.4166666666666667,43.607942,3.890634
2026-01-22,10:32:21,2026-01-22T10:32:21+01:00,STATION,"Médiathèque Emile Zola",5,11,16,0.3125,43.608218,3.89314
2026-01-22,10:32:21,2026-01-22T10:32:21+01:00,STATION,"Nombre d Or",4,12,16,0.25,43.607859,3.886644
2026-01-22,10:32:21,2026-01-22T10:32:21+01:00,STATION,"Louis Blanc",8,8,16,0.5,43.614642,3.877648
2026-01-22,10:32:21,2026-01-22T10:32:21+01:00,STATION,"Gambetta",5,3,8,0.625,43.607106,3.870693
2026-01-22,10:32:21,2026-01-22T10:32:21+01:00,STATION,"Port Marianne",6,10,16,0.375,43.60032,3.89851
2026-01-22,10:32:21,2026-01-22T10:32:21+01:00,STATION,"Les Arceaux",1,7,8,0.125,43.612659,3.867734
2026-01-22,10:32:21,2026-01-22T10:32:21+01:00,STATION,"Cité Mion",2,5,8,0.375,43.601143,3.884373
2026-01-22,10:32:21,2026-01-22T10:32:21+01:00,STATION,"Nouveau Saint-Roch",3,5,8,0.375,43.599817,3.875757
2026-01-22,10:32:21,2026-01-22T10:32:21+01:00,STATION,"Renouvier",0,8,8,0.0,43.603553,3.867884
2026-01-22,10:32:21,2026-01-22T10:32:21+01:00,STATION,"Odysseum",0,8,8,0.0,43.603727,3.918979
2026-01-22,10:32:21,2026-01-22T10:32:21+01:00,STATION,"Saint-Denis",0,8,8,0.0,43.605021,3.875065
2026-01-22,10:32:21,2026-01-22T10:32:21+01:00,STATION,"Richter",9,7,16,0.5625,43.603424,3.899263
2026-01-22,10:32:21,2026-01-22T10:32:21+01:00,STATION,"Charles Flahault",6,2,8,0.75,43.622038,3.86672
2026-01-22,10:32:21,2026-01-22T10:32:21+01:00,STATION,"Voltaire",3,5,8,0.375,43.603767,3.888659
2026-01-22,10:32:21,2026-01-22T10:32:21+01:00,STATION,"Prés d Arènes",3,5,8,0.375,43.59048,3.884611
2026-01-22,10:32:21,2026-01-22T10:32:21+01:00,STATION,"Garcia Lorca",3,5,8,0.375,43.590757,3.890616
2026-01-22,10:32:21,2026-01-22T10:32:21+01:00,STATION,"Vert Bois",5,11,16,0.3125,43.63543,3.871179
2026-01-22,10:32:21,2026-01-22T10:32:21+01:00,STATION,"Malbosc",3,5,8,0.375,43.633679,3.832861
2026-01-22,10:32:21,2026-01-22T10:32:21+01:00,STATION,"Occitanie",11,21,32,0.34375,43.635689,3.849597
2026-01-22,10:32:21,2026-01-22T10:32:21+01:00,STATION,"FacdesSciences",20,4,24,0.8333333333333334,43.631318,3.861299
2026-01-22,10:32:21,2026-01-22T10:32:21+01:00,STATION,"Fac de Lettres",8,4,12,0.6666666666666666,43.630437,3.869539
2026-01-22,10:32:21,2026-01-22T10:32:21+01:00,STATION,"Aiguelongue",7,0,8,1.0,43.626163,3.882492
2026-01-22,10:32:21,2026-01-22T10:32:21+01:00,STATION,"Jeu de Mail des Abbés",1,7,8,0.125,43.619701,3.883831
2026-01-22,10:32:21,2026-01-22T10:32:21+01:00,STATION,"Euromédecine",5,3,8,0.625,43.639119,3.828199
2026-01-22,10:32:21,2026-01-22T10:32:21+01:00,STATION,"Marie Caizergues",0,8,8,0.0,43.619871,3.873812
2026-01-22,10:32:21,2026-01-22T10:32:21+01:00,STATION,"Sabines",1,4,8,0.5,43.584211,3.860031
2026-01-22,10:32:21,2026-01-22T10:32:21+01:00,STATION,"Celleneuve",5,3,8,0.625,43.61467,3.832624
2026-01-22,10:32:21,2026-01-22T10:32:21+01:00,STATION,"Jardin de la Lironde",5,3,8,0.625,43.60585,3.911576
2026-01-22,10:32:21,2026-01-22T10:32:21+01:00,STATION,"Père Soulas",5,3,8,0.625,43.621983,3.855603
2026-01-22,10:32:21,2026-01-22T10:32:21+01:00,STATION,"Place Viala",2,5,8,0.375,43.616812,3.855075
2026-01-22,10:32:21,2026-01-22T10:32:21+01:00,STATION,"Hôtel du Département",4,4,8,0.5,43.621682,3.83477
2026-01-22,10:32:21,2026-01-22T10:32:21+01:00,STATION,"Tonnelles",3,5,8,0.375,43.615155,3.839466
2026-01-22,10:32:21,2026-01-22T10:32:21+01:00,STATION,"Parvis Jules Ferry - Gare Saint-Roch",4,4,8,0.5,43.603889,3.879362
2026-01-22,10:32:21,2026-01-22T10:32:21+01:00,STATION,"Pont de Lattes - Gare Saint-Roch",3,9,12,0.25,43.606036,3.882393
2026-01-22,10:32:21,2026-01-22T10:32:21+01:00,STATION,"Deux Ponts - Gare Saint-Roch",0,8,8,0.0,43.604319,3.880916
2026-01-22,10:32:21,2026-01-22T10:32:21+01:00,STATION,"Providence - Ovalie",4,4,8,0.5,43.588239,3.853421
2026-01-22,10:32:21,2026-01-22T10:32:21+01:00,STATION,"Pérols Etang de l Or",35,32,68,0.5294117647058824,43.558351,3.963412
2026-01-22,10:32:21,2026-01-22T10:32:21+01:00,STATION,"Albert 1er - Cathédrale",4,7,12,0.4166666666666667,43.614005,3.873218
2026-01-22,10:32:21,2026-01-22T10:32:21+01:00,STATION,"Saint-Guilhem - Courreau",4,4,8,0.5,43.608996,3.872752
2026-01-22,10:32:21,2026-01-22T10:32:21+01:00,STATION,"Sud De France",3,3,8,0.625,43.59562,3.9235
2026-01-22,10:32:21,2026-01-22T10:32:21+01:00,STATION,"Comedie Baudin",0,8,8,0.0,43.608717,3.880787
2026-01-22,10:32:21,2026-01-22T10:32:21+01:00,STATION,"Jean de Beins",1,15,16,0.0625,43.609857,3.883884
2026-01-22,11:27:20,2026-01-22T11:27:20+01:00,STATION,"Rue Jules Ferry - Gare Saint-Roch",7,5,12,0.5833333333333334,43.605366,3.881346
2026-01-22,11:27:20,2026-01-22T11:27:20+01:00,STATION,"Comédie",10,10,20,0.5,43.608148,3.878778
2026-01-22,11:27:20,2026-01-22T11:27:20+01:00,STATION,"Hôtel de Ville",7,9,16,0.4375,43.599088,3.894866
2026-01-22,11:27:20,2026-01-22T11:27:20+01:00,STATION,"Corum",7,2,12,0.8333333333333334,43.613989,3.8816
2026-01-22,11:27:20,2026-01-22T11:27:20+01:00,STATION,"Place Albert 1er - St Charles",8,19,27,0.2962962962962963,43.616768,3.873375
2026-01-22,11:27:20,2026-01-22T11:27:20+01:00,STATION,"Foch",1,3,8,0.625,43.610989,3.873345
2026-01-22,11:27:20,2026-01-22T11:27:20+01:00,STATION,"Halles Castellane",0,12,12,0.0,43.609935,3.877208
2026-01-22,11:27:20,2026-01-22T11:27:20+01:00,STATION,"Observatoire",4,3,8,0.625,43.606301,3.87724
2026-01-22,11:27:20,2026-01-22T11:27:20+01:00,STATION,"Rondelet",4,12,16,0.25,43.603038,3.875796
2026-01-22,11:27:20,2026-01-22T11:27:20+01:00,STATION,"Plan Cabanes",5,7,12,0.4166666666666667,43.608491,3.868389
2026-01-22,11:27:20,2026-01-22T11:27:20+01:00,STATION,"Boutonnet",8,4,12,0.6666666666666666,43.622629,3.868375
2026-01-22,11:27:20,2026-01-22T11:27:20+01:00,STATION,"Emile Combes",5,3,8,0.625,43.616742,3.87998
2026-01-22,11:27:20,2026-01-22T11:27:20+01:00,STATION,"Beaux-Arts",6,10,16,0.375,43.616698,3.884981
2026-01-22,11:27:20,2026-01-22T11:27:20+01:00,STATION,"Les Aubes",7,1,8,0.875,43.618692,3.893844
2026-01-22,11:27:20,2026-01-22T11:27:20+01:00,STATION,"Antigone centre",5,7,12,0.4166666666666667,43.607942,3.890634
2026-01-22,11:27:20,2026-01-22T11:27:20+01:00,STATION,"Médiathèque Emile Zola",5,11,16,0.3125,43.608218,3.89314
2026-01-22,11:27:20,2026-01-22T11:27:20+01:00,STATION,"Nombre d Or",4,12,16,0.25,43.607859,3.886644
2026-01-22,11:27:20,2026-01-22T11:27:20+01:00,STATION,"Louis Blanc",8,8,16,0.5,43.614642,3.877648
2026-01-22,11:27:20,2026-01-22T11:27:20+01:00,STATION,"Gambetta",5,3,8,0.625,43.607106,3.870693
2026-01-22,11:27:20,2026-01-22T11:27:20+01:00,STATION,"Port Marianne",6,10,16,0.375,43.60032,3.89851
2026-01-22,11:27:20,2026-01-22T11:27:20+01:00,STATION,"Les Arceaux",1,7,8,0.125,43.612659,3.867734
2026-01-22,11:27:20,2026-01-22T11:27:20+01:00,STATION,"Cité Mion",2,5,8,0.375,43.601143,3.884373
2026-01-22,11:27:20,2026-01-22T11:27:20+01:00,STATION,"Nouveau Saint-Roch",3,5,8,0.375,43.599817,3.875757
2026-01-22,11:27:20,2026-01-22T11:27:20+01:00,STATION,"Renouvier",0,8,8,0.0,43.603553,3.867884
2026-01-22,11:27:20,2026-01-22T11:27:20+01:00,STATION,"Odysseum",0,8,8,0.0,43.603727,3.918979
2026-01-22,11:27:20,2026-01-22T11:27:20+01:00,STATION,"Saint-Denis",0,8,8,0.0,43.605021,3.875065
2026-01-22,11:27:20,2026-01-22T11:27:20+01:00,STATION,"Richter",9,7,16,0.5625,43.603424,3.899263
2026-01-22,11:27:20,2026-01-22T11:27:20+01:00,STATION,"Charles Flahault",6,2,8,0.75,43.622038,3.86672
2026-01-22,11:27:20,2026-01-22T11:27:20+01:00,STATION,"Voltaire",3,5,8,0.375,43.603767,3.888659
2026-01-22,11:27:20,2026-01-22T11:27:20+01:00,STATION,"Prés d Arènes",3,5,8,0.375,43.59048,3.884611
2026-01-22,11:27:20,2026-01-22T11:27:20+01:00,STATION,"Garcia Lorca",3,5,8,0.375,43.590757,3.890616
2026-01-22,11:27:20,2026-01-22T11:27:20+01:00,STATION,"Vert Bois",5,11,16,0.3125,43.63543,3.871179
2026-01-22,11:27:20,2026-01-22T11:27:20+01:00,STATION,"Malbosc",3,5,8,0.375,43.633679,3.832861
2026-01-22,11:27:20,2026-01-22T11:27:20+01:00,STATION,"Occitanie",11,21,32,0.34375,43.635689,3.849597
2026-01-22,11:27:20,2026-01-22T11:27:20+01:00,STATION,"FacdesSciences",20,4,24,0.8333333333333334,43.631318,3.861299
2026-01-22,11:27:20,2026-01-22T11:27:20+01:00,STATION,"Fac de Lettres",8,4,12,0.6666666666666666,43.630437,3.869539
2026-01-22,11:27:20,2026-01-22T11:27:20+01:00,STATION,"Aiguelongue",7,0,8,1.0,43.626163,3.882492
2026-01-22,11:27:20,2026-01-22T11:27:20+01:00,STATION,"Jeu de Mail des Abbés",1,7,8,0.125,43.619701,3.883831
2026-01-22,11:27:20,2026-01-22T11:27:20+01:00,STATION,"Euromédecine",5,3,8,0.625,43.639119,3.828199
2026-01-22,11:27:20,2026-01-22T11:27:20+01:00,STATION,"Marie Caizergues",0,8,8,0.0,43.619871,3.873812
2026-01-22,11:27:20,2026-01-22T11:27:20+01:00,STATION,"Sabines",1,4,8,0.5,43.584211,3.860031
2026-01-22,11:27:20,2026-01-22T11:27:20+01:00,STATION,"Celleneuve",5,3,8,0.625,43.61467,3.832624
2026-01-22,11:27:20,2026-01-22T11:27:20+01:00,STATION,"Jardin de la Lironde",5,3,8,0.625,43.60585,3.911576
2026-01-22,11:27:20,2026-01-22T11:27:20+01:00,STATION,"Père Soulas",5,3,8,0.625,43.621983,3.855603
2026-01-22,11:27:20,2026-01-22T11:27:20+01:00,STATION,"Place Viala",2,5,8,0.375,43.616812,3.855075
2026-01-22,11:27:20,2026-01-22T11:27:20+01:00,STATION,"Hôtel du Département",4,4,8,0.5,43.621682,3.83477
2026-01-22,11:27:20,2026-01-22T11:27:20+01:00,STATION,"Tonnelles",3,5,8,0.375,43.615155,3.839466
2026-01-22,11:27:20,2026-01-22T11:27:20+01:00,STATION,"Parvis Jules Ferry - Gare Saint-Roch",4,4,8,0.5,43.603889,3.879362
2026-01-22,11:27:20,2026-01-22T11:27:20+01:00,STATION,"Pont de Lattes - Gare Saint-Roch",3,9,12,0.25,43.606036,3.882393
2026-01-22,11:27:20,2026-01-22T11:27:20+01:00,STATION,"Deux Ponts - Gare Saint-Roch",0,8,8,0.0,43.604319,3.880916
2026-01-22,11:27:20,2026-01-22T11:27:20+01:00,STATION,"Providence - Ovalie",4,4,8,0.5,43.588239,3.853421
2026-01-22,11:27:20,2026-01-22T11:27:20+01:00,STATION,"Pérols Etang de l Or",35,32,68,0.5294117647058824,43.558351,3.963412
2026-01-22,11:27:20,2026-01-22T11:27:20+01:00,STATION,"Albert 1er - Cathédrale",4,7,12,0.4166666666666667,43.614005,3.873218
2026-01-22,11:27:20,2026-01-22T11:27:20+01:00,STATION,"Saint-Guilhem - Courreau",4,4,8,0.5,43.608996,3.872752
2026-01-22,11:27:20,2026-01-22T11:27:20+01:00,STATION,"Sud De France",3,3,8,0.625,43.59562,3.9235
2026-01-22,11:27:20,2026-01-22T11:27:20+01:00,STATION,"Comedie Baudin",0,8,8,0.0,43.608717,3.880787
2026-01-22,11:27:20,2026-01-22T11:27:20+01:00,STATION,"Jean de Beins",1,15,16,0.0625,43.609857,3.883884
2026-01-22,11:55:23,2026-01-22T11:55:23+01:00,STATION,"Rue Jules Ferry - Gare Saint-Roch",7,5,12,0.5833333333333334,43.605366,3.881346
2026-01-22,11:55:23,2026-01-22T11:55:23+01:00,STATION,"Comédie",10,10,20,0.5,43.608148,3.878778
2026-01-22,11:55:23,2026-01-22T11:55:23+01:00,STATION,"Hôtel de Ville",7,9,16,0.4375,43.599088,3.894866
2026-01-22,11:55:23,2026-01-22T11:55:23+01:00,STATION,"Corum",7,2,12,0.8333333333333334,43.613989,3.8816
2026-01-22,11:55:23,2026-01-22T11:55:23+01:00,STATION,"Place Albert 1er - St Charles",8,19,27,0.2962962962962963,43.616768,3.873375
2026-01-22,11:55:23,2026-01-22T11:55:23+01:00,STATION,"Foch",1,3,8,0.625,43.610989,3.873345
2026-01-22,11:55:23,2026-01-22T11:55:23+01:00,STATION,"Halles Castellane",0,12,12,0.0,43.609935,3.877208
2026-01-22,11:55:23,2026-01-22T11:55:23+01:00,STATION,"Observatoire",4,3,8,0.625,43.606301,3.87724
2026-01-22,11:55:23,2026-01-22T11:55:23+01:00,STATION,"Rondelet",4,12,16,0.25,43.603038,3.875796
2026-01-22,11:55:23,2026-01-22T11:55:23+01:00,STATION,"Plan Cabanes",5,7,12,0.4166666666666667,43.608491,3.868389
2026-01-22,11:55:23,2026-01-22T11:55:23+01:00,STATION,"Boutonnet",8,4,12,0.6666666666666666,43.622629,3.868375
2026-01-22,11:55:23,2026-01-22T11:55:23+01:00,STATION,"Emile Combes",5,3,8,0.625,43.616742,3.87998
2026-01-22,11:55:23,2026-01-22T11:55:23+01:00,STATION,"Beaux-Arts",6,10,16,0.375,43.616698,3.884981
2026-01-22,11:55:23,2026-01-22T11:55:23+01:00,STATION,"Les Aubes",7,1,8,0.875,43.618692,3.893844
2026-01-22,11:55:23,2026-01-22T11:55:23+01:00,STATION,"Antigone centre",5,7,12,0.4166666666666667,43.607942,3.890634
2026-01-22,11:55:23,2026-01-22T11:55:23+01:00,STATION,"Médiathèque Emile Zola",5,11,16,0.3125,43.608218,3.89314
2026-01-22,11:55:23,2026-01-22T11:55:23+01:00,STATION,"Nombre d Or",4,12,16,0.25,43.607859,3.886644
2026-01-22,11:55:23,2026-01-22T11:55:23+01:00,STATION,"Louis Blanc",8,8,16,0.5,43.614642,3.877648
2026-01-22,11:55:23,2026-01-22T11:55:23+01:00,STATION,"Gambetta",5,3,8,0.625,43.607106,3.870693
2026-01-22,11:55:23,2026-01-22T11:55:23+01:00,STATION,"Port Marianne",6,10,16,0.375,43.60032,3.89851
2026-01-22,11:55:23,2026-01-22T11:55:23+01:00,STATION,"Les Arceaux",1,7,8,0.125,43.612659,3.867734
2026-01-22,11:55:23,2026-01-22T11:55:23+01:00,STATION,"Cité Mion",2,5,8,0.375,43.601143,3.884373
2026-01-22,11:55:23,2026-01-22T11:55:23+01:00,STATION,"Nouveau Saint-Roch",3,5,8,0.375,43.599817,3.875757
2026-01-22,11:55:23,2026-01-22T11:55:23+01:00,STATION,"Renouvier",0,8,8,0.0,43.603553,3.867884
2026-01-22,11:55:23,2026-01-22T11:55:23+01:00,STATION,"Odysseum",0,8,8,0.0,43.603727,3.918979
2026-01-22,11:55:23,2026-01-22T11:55:23+01:00,STATION,"Saint-Denis",0,8,8,0.0,43.605021,3.875065
2026-01-22,11:55:23,2026-01-22T11:55:23+01:00,STATION,"Richter",9,7,16,0.5625,43.603424,3.899263
2026-01-22,11:55:23,2026-01-22T11:55:23+01:00,STATION,"Charles Flahault",6,2,8,0.75,43.622038,3.86672
2026-01-22,11:55:23,2026-01-22T11:55:23+01:00,STATION,"Voltaire",3,5,8,0.375,43.603767,3.888659
2026-01-22,11:55:23,2026-01-22T11:55:23+01:00,STATION,"Prés d Arènes",3,5,8,0.375,43.59048,3.884611
2026-01-22,11:55:23,2026-01-22T11:55:23+01:00,STATION,"Garcia Lorca",3,5,8,0.375,43.590757,3.890616
2026-01-22,11:55:23,2026-01-22T11:55:23+01:00,STATION,"Vert Bois",5,11,16,0.3125,43.63543,3.871179
2026-01-22,11:55:23,2026-01-22T11:55:23+01:00,STATION,"Malbosc",3,5,8,0.375,43.633679,3.832861
2026-01-22,11:55:23,2026-01-22T11:55:23+01:00,STATION,"Occitanie",11,21,32,0.34375,43.635689,3.849597
2026-01-22,11:55:23,2026-01-22T11:55:23+01:00,STATION,"FacdesSciences",20,4,24,0.8333333333333334,43.631318,3.861299
2026-01-22,11:55:23,2026-01-22T11:55:23+01:00,STATION,"Fac de Lettres",8,4,12,0.6666666666666666,43.630437,3.869539
2026-01-22,11:55:23,2026-01-22T11:55:23+01:00,STATION,"Aiguelongue",7,0,8,1.0,43.626163,3.882492
2026-01-22,11:55:23,2026-01-22T11:55:23+01:00,STATION,"Jeu de Mail des Abbés",1,7,8,0.125,43.619701,3.883831
2026-01-22,11:55:23,2026-01-22T11:55:23+01:00,STATION,"Euromédecine",5,3,8,0.625,43.639119,3.828199
2026-01-22,11:55:23,2026-01-22T11:55:23+01:00,STATION,"Marie Caizergues",0,8,8,0.0,43.619871,3.873812
2026-01-22,11:55:23,2026-01-22T11:55:23+01:00,STATION,"Sabines",1,4,8,0.5,43.584211,3.860031
2026-01-22,11:55:23,2026-01-22T11:55:23+01:00,STATION,"Celleneuve",5,3,8,0.625,43.61467,3.832624
2026-01-22,11:55:23,2026-01-22T11:55:23+01:00,STATION,"Jardin de la Lironde",5,3,8,0.625,43.60585,3.911576
2026-01-22,11:55:23,2026-01-22T11:55:23+01:00,STATION,"Père Soulas",5,3,8,0.625,43.621983,3.855603
2026-01-22,11:55:23,2026-01-22T11:55:23+01:00,STATION,"Place Viala",2,5,8,0.375,43.616812,3.855075
2026-01-22,11:55:23,2026-01-22T11:55:23+01:00,STATION,"Hôtel du Département",4,4,8,0.5,43.621682,3.83477
2026-01-22,11:55:23,2026-01-22T11:55:23+01:00,STATION,"Tonnelles",3,5,8,0.375,43.615155,3.839466
2026-01-22,11:55:23,2026-01-22T11:55:23+01:00,STATION,"Parvis Jules Ferry - Gare Saint-Roch",4,4,8,0.5,43.603889,3.879362
2026-01-22,11:55:23,2026-01-22T11:55:23+01:00,STATION,"Pont de Lattes - Gare Saint-Roch",3,9,12,0.25,43.606036,3.882393
2026-01-22,11:55:23,2026-01-22T11:55:23+01:00,STATION,"Deux Ponts - Gare Saint-Roch",0,8,8,0.0,43.604319,3.880916
2026-01-22,11:55:23,2026-01-22T11:55:23+01:00,STATION,"Providence - Ovalie",4,4,8,0.5,43.588239,3.853421
2026-01-22,11:55:23,2026-01-22T11:55:23+01:00,STATION,"Pérols Etang de l Or",35,32,68,0.5294117647058824,43.558351,3.963412
2026-01-22,11:55:23,2026-01-22T11:55:23+01:00,STATION,"Albert 1er - Cathédrale",4,7,12,0.4166666666666667,43.614005,3.873218
2026-01-22,11:55:23,2026-01-22T11:55:23+01:00,STATION,"Saint-Guilhem - Courreau",4,4,8,0.5,43.608996,3.872752
2026-01-22,11:55:23,2026-01-22T11:55:23+01:00,STATION,"Sud De France",3,3,8,0.625,43.59562,3.9235
2026-01-22,11:55:23,2026-01-22T11:55:23+01:00,STATION,"Comedie Baudin",0,8,8,0.0,43.608717,3.880787
2026-01-22,11:55:23,2026-01-22T11:55:23+01:00,STATION,"Jean de Beins",1,15,16,0.0625,43.609857,3.883884
