date,heure,timestamp,type,nom,velos_dispo,bornes_libres,total,taux_occupation_places,lat,lon
2026-01-16,00:38:55,2026-01-16T00:38:55+01:00,STATION,"Rue Jules Ferry - Gare Saint-Roch",5,7,12,0.4166666666666667,43.605366,3.881346
2026-01-16,00:38:55,2026-01-16T00:38:55+01:00,STATION,"Comédie",2,18,20,0.1,43.608148,3.878778
2026-01-16,00:38:55,2026-01-16T00:38:55+01:00,STATION,"Hôtel de Ville",10,6,16,0.625,43.599088,3.894866
2026-01-16,00:38:55,2026-01-16T00:38:55+01:00,STATION,"Corum",6,6,12,0.5,43.613989,3.8816
2026-01-16,00:38:55,2026-01-16T00:38:55+01:00,STATION,"Place Albert 1er - St Charles",8,19,27,0.2962962962962963,43.616768,3.873375
2026-01-16,00:38:55,2026-01-16T00:38:55+01:00,STATION,"Foch",1,3,8,0.625,43.610989,3.873345
2026-01-16,00:38:55,2026-01-16T00:38:55+01:00,STATION,"Halles Castellane",0,12,12,0.0,43.609935,3.877208
2026-01-16,00:38:55,2026-01-16T00:38:55+01:00,STATION,"Observatoire",3,4,8,0.5,43.606301,3.87724
2026-01-16,00:38:55,2026-01-16T00:38:55+01:00,STATION,"Rondelet",5,11,16,0.3125,43.603038,3.875796
2026-01-16,00:38:55,2026-01-16T00:38:55+01:00,STATION,"Plan Cabanes",4,8,12,0.3333333333333333,43.608491,3.868389
2026-01-16,00:38:55,2026-01-16T00:38:55+01:00,STATION,"Boutonnet",2,10,12,0.16666666666666666,43.622629,3.868375
2026-01-16,00:38:55,2026-01-16T00:38:55+01:00,STATION,"Emile Combes",4,4,8,0.5,43.616742,3.87998
2026-01-16,00:38:55,2026-01-16T00:38:55+01:00,STATION,"Beaux-Arts",11,4,16,0.75,43.616698,3.884981
2026-01-16,00:38:55,2026-01-16T00:38:55+01:00,STATION,"Les Aubes",6,2,8,0.75,43.618692,3.893844
2026-01-16,00:38:55,2026-01-16T00:38:55+01:00,STATION,"Antigone centre",8,4,12,0.6666666666666666,43.607942,3.890634
2026-01-16,00:38:55,2026-01-16T00:38:55+01:00,STATION,"Médiathèque Emile Zola",13,3,16,0.8125,43.608218,3.89314
2026-01-16,00:38:55,2026-01-16T00:38:55+01:00,STATION,"Nombre d Or",2,14,16,0.125,43.607859,3.886644
2026-01-16,00:38:55,2026-01-16T00:38:55+01:00,STATION,"Louis Blanc",7,9,16,0.4375,43.614642,3.877648
2026-01-16,00:38:55,2026-01-16T00:38:55+01:00,STATION,"Gambetta",3,5,8,0.375,43.607106,3.870693
2026-01-16,00:38:55,2026-01-16T00:38:55+01:00,STATION,"Port Marianne",12,4,16,0.75,43.60032,3.89851
2026-01-16,00:38:55,2026-01-16T00:38:55+01:00,STATION,"Les Arceaux",3,5,8,0.375,43.612659,3.867734
2026-01-16,00:38:55,2026-01-16T00:38:55+01:00,STATION,"Cité Mion",0,7,8,0.125,43.601143,3.884373
2026-01-16,00:38:55,2026-01-16T00:38:55+01:00,STATION,"Nouveau Saint-Roch",6,2,8,0.75,43.599817,3.875757
2026-01-16,00:38:55,2026-01-16T00:38:55+01:00,STATION,"Renouvier",2,6,8,0.25,43.603553,3.867884
2026-01-16,00:38:55,2026-01-16T00:38:55+01:00,STATION,"Odysseum",0,8,8,0.0,43.603727,3.918979
2026-01-16,00:38:55,2026-01-16T00:38:55+01:00,STATION,"Saint-Denis",0,8,8,0.0,43.605021,3.875065
2026-01-16,00:38:55,2026-01-16T00:38:55+01:00,STATION,"Richter",11,5,16,0.6875,43.603424,3.899263
2026-01-16,00:38:55,2026-01-16T00:38:55+01:00,STATION,"Charles Flahault",0,8,8,0.0,43.622038,3.86672
2026-01-16,00:38:55,2026-01-16T00:38:55+01:00,STATION,"Voltaire",7,1,8,0.875,43.603767,3.888659
2026-01-16,00:38:55,2026-01-16T00:38:55+01:00,STATION,"Prés d Arènes",4,4,8,0.5,43.59048,3.884611
2026-01-16,00:38:55,2026-01-16T00:38:55+01:00,STATION,"Garcia Lorca",4,4,8,0.5,43.590757,3.890616
2026-01-16,00:38:55,2026-01-16T00:38:55+01:00,STATION,"Vert Bois",7,9,16,0.4375,43.63543,3.871179
2026-01-16,00:38:55,2026-01-16T00:38:55+01:00,STATION,"Malbosc",5,2,8,0.75,43.633679,3.832861
2026-01-16,00:38:55,2026-01-16T00:38:55+01:00,STATION,"Occitanie",22,10,32,0.6875,43.635689,3.849597
2026-01-16,00:38:55,2026-01-16T00:38:55+01:00,STATION,"FacdesSciences",3,21,24,0.125,43.631318,3.861299
2026-01-16,00:38:55,2026-01-16T00:38:55+01:00,STATION,"Fac de Lettres",1,11,12,0.08333333333333333,43.630437,3.869539
2026-01-16,00:38:55,2026-01-16T00:38:55+01:00,STATION,"Aiguelongue",5,2,8,0.75,43.626163,3.882492
2026-01-16,00:38:55,2026-01-16T00:38:55+01:00,STATION,"Jeu de Mail des Abbés",5,3,8,0.625,43.619701,3.883831
2026-01-16,00:38:55,2026-01-16T00:38:55+01:00,STATION,"Euromédecine",0,8,8,0.0,43.639119,3.828199
2026-01-16,00:38:55,2026-01-16T00:38:55+01:00,STATION,"Marie Caizergues",3,5,8,0.375,43.619871,3.873812
2026-01-16,00:38:55,2026-01-16T00:38:55+01:00,STATION,"Sabines",1,7,8,0.125,43.584211,3.860031
2026-01-16,00:38:55,2026-01-16T00:38:55+01:00,STATION,"Celleneuve",5,3,8,0.625,43.61467,3.832624
2026-01-16,00:38:55,2026-01-16T00:38:55+01:00,STATION,"Jardin de la Lironde",7,1,8,0.875,43.60585,3.911576
2026-01-16,00:38:55,2026-01-16T00:38:55+01:00,STATION,"Père Soulas",7,1,8,0.875,43.621983,3.855603
2026-01-16,00:38:55,2026-01-16T00:38:55+01:00,STATION,"Place Viala",6,2,8,0.75,43.616812,3.855075
2026-01-16,00:38:55,2026-01-16T00:38:55+01:00,STATION,"Hôtel du Département",2,6,8,0.25,43.621682,3.83477
2026-01-16,00:38:55,2026-01-16T00:38:55+01:00,STATION,"Tonnelles",2,6,8,0.25,43.615155,3.839466
2026-01-16,00:38:55,2026-01-16T00:38:55+01:00,STATION,"Parvis Jules Ferry - Gare Saint-Roch",5,3,8,0.625,43.603889,3.879362
2026-01-16,00:38:55,2026-01-16T00:38:55+01:00,STATION,"Pont de Lattes - Gare Saint-Roch",7,5,12,0.5833333333333334,43.606036,3.882393
2026-01-16,00:38:55,2026-01-16T00:38:55+01:00,STATION,"Deux Ponts - Gare Saint-Roch",0,8,8,0.0,43.604319,3.880916
2026-01-16,00:38:55,2026-01-16T00:38:55+01:00,STATION,"Providence - Ovalie",1,7,8,0.125,43.588239,3.853421
2026-01-16,00:38:55,2026-01-16T00:38:55+01:00,STATION,"Pérols Etang de l Or",34,34,68,0.5,43.558351,3.963412
2026-01-16,00:38:55,2026-01-16T00:38:55+01:00,STATION,"Albert 1er - Cathédrale",3,9,12,0.25,43.614005,3.873218
2026-01-16,00:38:55,2026-01-16T00:38:55+01:00,STATION,"Saint-Guilhem - Courreau",2,6,8,0.25,43.608996,3.872752
2026-01-16,00:38:55,2026-01-16T00:38:55+01:00,STATION,"Sud De France",3,3,8,0.625,43.59562,3.9235
2026-01-16,00:38:55,2026-01-16T00:38:55+01:00,STATION,"Comedie Baudin",0,8,8,0.0,43.608717,3.880787
2026-01-16,00:38:55,2026-01-16T00:38:55+01:00,STATION,"Jean de Beins",2,14,16,0.125,43.609857,3.883884
2026-01-16,04:55:29,2026-01-16T04:55:29+01:00,STATION,"Rue Jules Ferry - Gare Saint-Roch",0,12,12,0.0,43.605366,3.881346
2026-01-16,04:55:29,2026-01-16T04:55:29+01:00,STATION,"Comédie",0,20,20,0.0,43.608148,3.878778
2026-01-16,04:55:29,2026-01-16T04:55:29+01:00,STATION,"Hôtel de Ville",11,5,16,0.6875,43.599088,3.894866
2026-01-16,04:55:29,2026-01-16T04:55:29+01:00,STATION,"Corum",1,11,12,0.08333333333333333,43.613989,3.8816
2026-01-16,04:55:29,2026-01-16T04:55:29+01:00,STATION,"Place Albert 1er - St Charles",4,23,27,0.14814814814814814,43.616768,3.873375
2026-01-16,04:55:29,2026-01-16T04:55:29+01:00,STATION,"Foch",1,3,8,0.625,43.610989,3.873345
2026-01-16,04:55:29,2026-01-16T04:55:29+01:00,STATION,"Halles Castellane",0,12,12,0.0,43.609935,3.877208
2026-01-16,04:55:29,2026-01-16T04:55:29+01:00,STATION,"Observatoire",1,6,8,0.25,43.606301,3.87724
2026-01-16,04:55:29,2026-01-16T04:55:29+01:00,STATION,"Rondelet",5,11,16,0.3125,43.603038,3.875796
2026-01-16,04:55:29,2026-01-16T04:55:29+01:00,STATION,"Plan Cabanes",5,7,12,0.4166666666666667,43.608491,3.868389
2026-01-16,04:55:29,2026-01-16T04:55:29+01:00,STATION,"Boutonnet",2,10,12,0.16666666666666666,43.622629,3.868375
2026-01-16,04:55:29,2026-01-16T04:55:29+01:00,STATION,"Emile Combes",4,4,8,0.5,43.616742,3.87998
2026-01-16,04:55:29,2026-01-16T04:55:29+01:00,STATION,"Beaux-Arts",13,2,16,0.875,43.616698,3.884981
2026-01-16,04:55:29,2026-01-16T04:55:29+01:00,STATION,"Les Aubes",7,1,8,0.875,43.618692,3.893844
2026-01-16,04:55:29,2026-01-16T04:55:29+01:00,STATION,"Antigone centre",7,5,12,0.5833333333333334,43.607942,3.890634
2026-01-16,04:55:29,2026-01-16T04:55:29+01:00,STATION,"Médiathèque Emile Zola",14,2,16,0.875,43.608218,3.89314
2026-01-16,04:55:29,2026-01-16T04:55:29+01:00,STATION,"Nombre d Or",3,13,16,0.1875,43.607859,3.886644
2026-01-16,04:55:29,2026-01-16T04:55:29+01:00,STATION,"Louis Blanc",3,13,16,0.1875,43.614642,3.877648
2026-01-16,04:55:29,2026-01-16T04:55:29+01:00,STATION,"Gambetta",2,6,8,0.25,43.607106,3.870693
2026-01-16,04:55:29,2026-01-16T04:55:29+01:00,STATION,"Port Marianne",13,3,16,0.8125,43.60032,3.89851
2026-01-16,04:55:29,2026-01-16T04:55:29+01:00,STATION,"Les Arceaux",1,7,8,0.125,43.612659,3.867734
2026-01-16,04:55:29,2026-01-16T04:55:29+01:00,STATION,"Cité Mion",1,6,8,0.25,43.601143,3.884373
2026-01-16,04:55:29,2026-01-16T04:55:29+01:00,STATION,"Nouveau Saint-Roch",7,1,8,0.875,43.599817,3.875757
2026-01-16,04:55:29,2026-01-16T04:55:29+01:00,STATION,"Renouvier",2,6,8,0.25,43.603553,3.867884
2026-01-16,04:55:29,2026-01-16T04:55:29+01:00,STATION,"Odysseum",0,8,8,0.0,43.603727,3.918979
2026-01-16,04:55:29,2026-01-16T04:55:29+01:00,STATION,"Saint-Denis",0,8,8,0.0,43.605021,3.875065
2026-01-16,04:55:29,2026-01-16T04:55:29+01:00,STATION,"Richter",11,5,16,0.6875,43.603424,3.899263
2026-01-16,04:55:29,2026-01-16T04:55:29+01:00,STATION,"Charles Flahault",0,8,8,0.0,43.622038,3.86672
2026-01-16,04:55:29,2026-01-16T04:55:29+01:00,STATION,"Voltaire",5,3,8,0.625,43.603767,3.888659
2026-01-16,04:55:29,2026-01-16T04:55:29+01:00,STATION,"Prés d Arènes",4,4,8,0.5,43.59048,3.884611
2026-01-16,04:55:29,2026-01-16T04:55:29+01:00,STATION,"Garcia Lorca",6,2,8,0.75,43.590757,3.890616
2026-01-16,04:55:29,2026-01-16T04:55:29+01:00,STATION,"Vert Bois",7,9,16,0.4375,43.63543,3.871179
2026-01-16,04:55:29,2026-01-16T04:55:29+01:00,STATION,"Malbosc",5,2,8,0.75,43.633679,3.832861
2026-01-16,04:55:29,2026-01-16T04:55:29+01:00,STATION,"Occitanie",26,6,32,0.8125,43.635689,3.849597
2026-01-16,04:55:29,2026-01-16T04:55:29+01:00,STATION,"FacdesSciences",5,19,24,0.20833333333333334,43.631318,3.861299
2026-01-16,04:55:29,2026-01-16T04:55:29+01:00,STATION,"Fac de Lettres",3,9,12,0.25,43.630437,3.869539
2026-01-16,04:55:29,2026-01-16T04:55:29+01:00,STATION,"Aiguelongue",7,0,8,1.0,43.626163,3.882492
2026-01-16,04:55:29,2026-01-16T04:55:29+01:00,STATION,"Jeu de Mail des Abbés",5,3,8,0.625,43.619701,3.883831
2026-01-16,04:55:29,2026-01-16T04:55:29+01:00,STATION,"Euromédecine",1,7,8,0.125,43.639119,3.828199
2026-01-16,04:55:29,2026-01-16T04:55:29+01:00,STATION,"Marie Caizergues",3,5,8,0.375,43.619871,3.873812
2026-01-16,04:55:29,2026-01-16T04:55:29+01:00,STATION,"Sabines",0,8,8,0.0,43.584211,3.860031
2026-01-16,04:55:29,2026-01-16T04:55:29+01:00,STATION,"Celleneuve",6,2,8,0.75,43.61467,3.832624
2026-01-16,04:55:29,2026-01-16T04:55:29+01:00,STATION,"Jardin de la Lironde",7,1,8,0.875,43.60585,3.911576
2026-01-16,04:55:29,2026-01-16T04:55:29+01:00,STATION,"Père Soulas",7,1,8,0.875,43.621983,3.855603
2026-01-16,04:55:29,2026-01-16T04:55:29+01:00,STATION,"Place Viala",7,1,8,0.875,43.616812,3.855075
2026-01-16,04:55:29,2026-01-16T04:55:29+01:00,STATION,"Hôtel du Département",3,5,8,0.375,43.621682,3.83477
2026-01-16,04:55:29,2026-01-16T04:55:29+01:00,STATION,"Tonnelles",2,6,8,0.25,43.615155,3.839466
2026-01-16,04:55:29,2026-01-16T04:55:29+01:00,STATION,"Parvis Jules Ferry - Gare Saint-Roch",2,6,8,0.25,43.603889,3.879362
2026-01-16,04:55:29,2026-01-16T04:55:29+01:00,STATION,"Pont de Lattes - Gare Saint-Roch",4,8,12,0.3333333333333333,43.606036,3.882393
2026-01-16,04:55:29,2026-01-16T04:55:29+01:00,STATION,"Deux Ponts - Gare Saint-Roch",0,8,8,0.0,43.604319,3.880916
2026-01-16,04:55:29,2026-01-16T04:55:29+01:00,STATION,"Providence - Ovalie",1,7,8,0.125,43.588239,3.853421
2026-01-16,04:55:29,2026-01-16T04:55:29+01:00,STATION,"Pérols Etang de l Or",36,32,68,0.5294117647058824,43.558351,3.963412
2026-01-16,04:55:29,2026-01-16T04:55:29+01:00,STATION,"Albert 1er - Cathédrale",1,11,12,0.08333333333333333,43.614005,3.873218
2026-01-16,04:55:29,2026-01-16T04:55:29+01:00,STATION,"Saint-Guilhem - Courreau",2,6,8,0.25,43.608996,3.872752
2026-01-16,04:55:29,2026-01-16T04:55:29+01:00,STATION,"Sud De France",4,2,8,0.75,43.59562,3.9235
2026-01-16,04:55:29,2026-01-16T04:55:29+01:00,STATION,"Comedie Baudin",0,8,8,0.0,43.608717,3.880787
2026-01-16,04:55:29,2026-01-16T04:55:29+01:00,STATION,"Jean de Beins",1,15,16,0.0625,43.609857,3.883884
2026-01-16,06:01:25,2026-01-16T06:01:25+01:00,STATION,"Rue Jules Ferry - Gare Saint-Roch",0,12,12,0.0,43.605366,3.881346
2026-01-16,06:01:25,2026-01-16T06:01:25+01:00,STATION,"Comédie",0,20,20,0.0,43.608148,3.878778
2026-01-16,06:01:25,2026-01-16T06:01:25+01:00,STATION,"Hôtel de Ville",11,5,16,0.6875,43.599088,3.894866
2026-01-16,06:01:25,2026-01-16T06:01:25+01:00,STATION,"Corum",1,11,12,0.08333333333333333,43.613989,3.8816
2026-01-16,06:01:25,2026-01-16T06:01:25+01:00,STATION,"Place Albert 1er - St Charles",4,23,27,0.14814814814814814,43.616768,3.873375
2026-01-16,06:01:25,2026-01-16T06:01:25+01:00,STATION,"Foch",1,3,8,0.625,43.610989,3.873345
2026-01-16,06:01:25,2026-01-16T06:01:25+01:00,STATION,"Halles Castellane",0,12,12,0.0,43.609935,3.877208
2026-01-16,06:01:25,2026-01-16T06:01:25+01:00,STATION,"Observatoire",1,6,8,0.25,43.606301,3.87724
2026-01-16,06:01:25,2026-01-16T06:01:25+01:00,STATION,"Rondelet",5,11,16,0.3125,43.603038,3.875796
2026-01-16,06:01:25,2026-01-16T06:01:25+01:00,STATION,"Plan Cabanes",5,7,12,0.4166666666666667,43.608491,3.868389
2026-01-16,06:01:25,2026-01-16T06:01:25+01:00,STATION,"Boutonnet",2,10,12,0.16666666666666666,43.622629,3.868375
2026-01-16,06:01:25,2026-01-16T06:01:25+01:00,STATION,"Emile Combes",4,4,8,0.5,43.616742,3.87998
2026-01-16,06:01:25,2026-01-16T06:01:25+01:00,STATION,"Beaux-Arts",13,2,16,0.875,43.616698,3.884981
2026-01-16,06:01:25,2026-01-16T06:01:25+01:00,STATION,"Les Aubes",6,2,8,0.75,43.618692,3.893844
2026-01-16,06:01:25,2026-01-16T06:01:25+01:00,STATION,"Antigone centre",7,5,12,0.5833333333333334,43.607942,3.890634
2026-01-16,06:01:25,2026-01-16T06:01:25+01:00,STATION,"Médiathèque Emile Zola",14,2,16,0.875,43.608218,3.89314
2026-01-16,06:01:25,2026-01-16T06:01:25+01:00,STATION,"Nombre d Or",3,13,16,0.1875,43.607859,3.886644
2026-01-16,06:01:25,2026-01-16T06:01:25+01:00,STATION,"Louis Blanc",3,13,16,0.1875,43.614642,3.877648
2026-01-16,06:01:25,2026-01-16T06:01:25+01:00,STATION,"Gambetta",2,6,8,0.25,43.607106,3.870693
2026-01-16,06:01:25,2026-01-16T06:01:25+01:00,STATION,"Port Marianne",13,3,16,0.8125,43.60032,3.89851
2026-01-16,06:01:25,2026-01-16T06:01:25+01:00,STATION,"Les Arceaux",1,7,8,0.125,43.612659,3.867734
2026-01-16,06:01:25,2026-01-16T06:01:25+01:00,STATION,"Cité Mion",1,6,8,0.25,43.601143,3.884373
2026-01-16,06:01:25,2026-01-16T06:01:25+01:00,STATION,"Nouveau Saint-Roch",7,1,8,0.875,43.599817,3.875757
2026-01-16,06:01:25,2026-01-16T06:01:25+01:00,STATION,"Renouvier",2,6,8,0.25,43.603553,3.867884
2026-01-16,06:01:25,2026-01-16T06:01:25+01:00,STATION,"Odysseum",0,8,8,0.0,43.603727,3.918979
2026-01-16,06:01:25,2026-01-16T06:01:25+01:00,STATION,"Saint-Denis",0,8,8,0.0,43.605021,3.875065
2026-01-16,06:01:25,2026-01-16T06:01:25+01:00,STATION,"Richter",11,5,16,0.6875,43.603424,3.899263
2026-01-16,06:01:25,2026-01-16T06:01:25+01:00,STATION,"Charles Flahault",0,8,8,0.0,43.622038,3.86672
2026-01-16,06:01:25,2026-01-16T06:01:25+01:00,STATION,"Voltaire",5,3,8,0.625,43.603767,3.888659
2026-01-16,06:01:25,2026-01-16T06:01:25+01:00,STATION,"Prés d Arènes",7,1,8,0.875,43.59048,3.884611
2026-01-16,06:01:25,2026-01-16T06:01:25+01:00,STATION,"Garcia Lorca",6,2,8,0.75,43.590757,3.890616
2026-01-16,06:01:25,2026-01-16T06:01:25+01:00,STATION,"Vert Bois",7,9,16,0.4375,43.63543,3.871179
2026-01-16,06:01:25,2026-01-16T06:01:25+01:00,STATION,"Malbosc",5,2,8,0.75,43.633679,3.832861
2026-01-16,06:01:25,2026-01-16T06:01:25+01:00,STATION,"Occitanie",26,6,32,0.8125,43.635689,3.849597
2026-01-16,06:01:25,2026-01-16T06:01:25+01:00,STATION,"FacdesSciences",8,16,24,0.3333333333333333,43.631318,3.861299
2026-01-16,06:01:25,2026-01-16T06:01:25+01:00,STATION,"Fac de Lettres",3,9,12,0.25,43.630437,3.869539
2026-01-16,06:01:25,2026-01-16T06:01:25+01:00,STATION,"Aiguelongue",7,0,8,1.0,43.626163,3.882492
2026-01-16,06:01:25,2026-01-16T06:01:25+01:00,STATION,"Jeu de Mail des Abbés",5,3,8,0.625,43.619701,3.883831
2026-01-16,06:01:25,2026-01-16T06:01:25+01:00,STATION,"Euromédecine",1,7,8,0.125,43.639119,3.828199
2026-01-16,06:01:25,2026-01-16T06:01:25+01:00,STATION,"Marie Caizergues",3,5,8,0.375,43.619871,3.873812
2026-01-16,06:01:25,2026-01-16T06:01:25+01:00,STATION,"Sabines",0,8,8,0.0,43.584211,3.860031
2026-01-16,06:01:25,2026-01-16T06:01:25+01:00,STATION,"Celleneuve",6,2,8,0.75,43.61467,3.832624
2026-01-16,06:01:25,2026-01-16T06:01:25+01:00,STATION,"Jardin de la Lironde",7,1,8,0.875,43.60585,3.911576
2026-01-16,06:01:25,2026-01-16T06:01:25+01:00,STATION,"Père Soulas",7,1,8,0.875,43.621983,3.855603
2026-01-16,06:01:25,2026-01-16T06:01:25+01:00,STATION,"Place Viala",7,1,8,0.875,43.616812,3.855075
2026-01-16,06:01:25,2026-01-16T06:01:25+01:00,STATION,"Hôtel du Département",3,5,8,0.375,43.621682,3.83477
2026-01-16,06:01:25,2026-01-16T06:01:25+01:00,STATION,"Tonnelles",2,6,8,0.25,43.615155,3.839466
2026-01-16,06:01:25,2026-01-16T06:01:25+01:00,STATION,"Parvis Jules Ferry - Gare Saint-Roch",2,6,8,0.25,43.603889,3.879362
2026-01-16,06:01:25,2026-01-16T06:01:25+01:00,STATION,"Pont de Lattes - Gare Saint-Roch",4,8,12,0.3333333333333333,43.606036,3.882393
2026-01-16,06:01:25,2026-01-16T06:01:25+01:00,STATION,"Deux Ponts - Gare Saint-Roch",0,8,8,0.0,43.604319,3.880916
2026-01-16,06:01:25,2026-01-16T06:01:25+01:00,STATION,"Providence - Ovalie",1,7,8,0.125,43.588239,3.853421
2026-01-16,06:01:25,2026-01-16T06:01:25+01:00,STATION,"Pérols Etang de l Or",36,32,68,0.5294117647058824,43.558351,3.963412
2026-01-16,06:01:25,2026-01-16T06:01:25+01:00,STATION,"Albert 1er - Cathédrale",1,11,12,0.08333333333333333,43.614005,3.873218
2026-01-16,06:01:25,2026-01-16T06:01:25+01:00,STATION,"Saint-Guilhem - Courreau",2,6,8,0.25,43.608996,3.872752
2026-01-16,06:01:25,2026-01-16T06:01:25+01:00,STATION,"Sud De France",4,2,8,0.75,43.59562,3.9235
2026-01-16,06:01:25,2026-01-16T06:01:25+01:00,STATION,"Comedie Baudin",0,8,8,0.0,43.608717,3.880787
2026-01-16,06:01:25,2026-01-16T06:01:25+01:00,STATION,"Jean de Beins",1,15,16,0.0625,43.609857,3.883884
2026-01-16,06:54:18,2026-01-16T06:54:18+01:00,STATION,"Rue Jules Ferry - Gare Saint-Roch",0,12,12,0.0,43.605366,3.881346
2026-01-16,06:54:18,2026-01-16T06:54:18+01:00,STATION,"Comédie",0,20,20,0.0,43.608148,3.878778
2026-01-16,06:54:18,2026-01-16T06:54:18+01:00,STATION,"Hôtel de Ville",11,5,16,0.6875,43.599088,3.894866
2026-01-16,06:54:18,2026-01-16T06:54:18+01:00,STATION,"Corum",1,11,12,0.08333333333333333,43.613989,3.8816
2026-01-16,06:54:18,2026-01-16T06:54:18+01:00,STATION,"Place Albert 1er - St Charles",4,23,27,0.14814814814814814,43.616768,3.873375
2026-01-16,06:54:18,2026-01-16T06:54:18+01:00,STATION,"Foch",1,3,8,0.625,43.610989,3.873345
2026-01-16,06:54:18,2026-01-16T06:54:18+01:00,STATION,"Halles Castellane",0,12,12,0.0,43.609935,3.877208
2026-01-16,06:54:18,2026-01-16T06:54:18+01:00,STATION,"Observatoire",1,6,8,0.25,43.606301,3.87724
2026-01-16,06:54:18,2026-01-16T06:54:18+01:00,STATION,"Rondelet",5,11,16,0.3125,43.603038,3.875796
2026-01-16,06:54:18,2026-01-16T06:54:18+01:00,STATION,"Plan Cabanes",5,7,12,0.4166666666666667,43.608491,3.868389
2026-01-16,06:54:18,2026-01-16T06:54:18+01:00,STATION,"Boutonnet",2,10,12,0.16666666666666666,43.622629,3.868375
2026-01-16,06:54:18,2026-01-16T06:54:18+01:00,STATION,"Emile Combes",4,4,8,0.5,43.616742,3.87998
2026-01-16,06:54:18,2026-01-16T06:54:18+01:00,STATION,"Beaux-Arts",13,2,16,0.875,43.616698,3.884981
2026-01-16,06:54:18,2026-01-16T06:54:18+01:00,STATION,"Les Aubes",6,2,8,0.75,43.618692,3.893844
2026-01-16,06:54:18,2026-01-16T06:54:18+01:00,STATION,"Antigone centre",7,5,12,0.5833333333333334,43.607942,3.890634
2026-01-16,06:54:18,2026-01-16T06:54:18+01:00,STATION,"Médiathèque Emile Zola",14,2,16,0.875,43.608218,3.89314
2026-01-16,06:54:18,2026-01-16T06:54:18+01:00,STATION,"Nombre d Or",3,13,16,0.1875,43.607859,3.886644
2026-01-16,06:54:18,2026-01-16T06:54:18+01:00,STATION,"Louis Blanc",3,13,16,0.1875,43.614642,3.877648
2026-01-16,06:54:18,2026-01-16T06:54:18+01:00,STATION,"Gambetta",2,6,8,0.25,43.607106,3.870693
2026-01-16,06:54:18,2026-01-16T06:54:18+01:00,STATION,"Port Marianne",13,3,16,0.8125,43.60032,3.89851
2026-01-16,06:54:18,2026-01-16T06:54:18+01:00,STATION,"Les Arceaux",1,7,8,0.125,43.612659,3.867734
2026-01-16,06:54:18,2026-01-16T06:54:18+01:00,STATION,"Cité Mion",1,6,8,0.25,43.601143,3.884373
2026-01-16,06:54:18,2026-01-16T06:54:18+01:00,STATION,"Nouveau Saint-Roch",7,1,8,0.875,43.599817,3.875757
2026-01-16,06:54:18,2026-01-16T06:54:18+01:00,STATION,"Renouvier",1,7,8,0.125,43.603553,3.867884
2026-01-16,06:54:18,2026-01-16T06:54:18+01:00,STATION,"Odysseum",0,8,8,0.0,43.603727,3.918979
2026-01-16,06:54:18,2026-01-16T06:54:18+01:00,STATION,"Saint-Denis",0,8,8,0.0,43.605021,3.875065
2026-01-16,06:54:18,2026-01-16T06:54:18+01:00,STATION,"Richter",11,5,16,0.6875,43.603424,3.899263
2026-01-16,06:54:18,2026-01-16T06:54:18+01:00,STATION,"Charles Flahault",0,8,8,0.0,43.622038,3.86672
2026-01-16,06:54:18,2026-01-16T06:54:18+01:00,STATION,"Voltaire",5,3,8,0.625,43.603767,3.888659
2026-01-16,06:54:18,2026-01-16T06:54:18+01:00,STATION,"Prés d Arènes",7,1,8,0.875,43.59048,3.884611
2026-01-16,06:54:18,2026-01-16T06:54:18+01:00,STATION,"Garcia Lorca",6,2,8,0.75,43.590757,3.890616
2026-01-16,06:54:18,2026-01-16T06:54:18+01:00,STATION,"Vert Bois",7,9,16,0.4375,43.63543,3.871179
2026-01-16,06:54:18,2026-01-16T06:54:18+01:00,STATION,"Malbosc",5,2,8,0.75,43.633679,3.832861
2026-01-16,06:54:18,2026-01-16T06:54:18+01:00,STATION,"Occitanie",26,6,32,0.8125,43.635689,3.849597
2026-01-16,06:54:18,2026-01-16T06:54:18+01:00,STATION,"FacdesSciences",8,16,24,0.3333333333333333,43.631318,3.861299
2026-01-16,06:54:18,2026-01-16T06:54:18+01:00,STATION,"Fac de Lettres",3,9,12,0.25,43.630437,3.869539
2026-01-16,06:54:18,2026-01-16T06:54:18+01:00,STATION,"Aiguelongue",7,0,8,1.0,43.626163,3.882492
2026-01-16,06:54:18,2026-01-16T06:54:18+01:00,STATION,"Jeu de Mail des Abbés",5,3,8,0.625,43.619701,3.883831
2026-01-16,06:54:18,2026-01-16T06:54:18+01:00,STATION,"Euromédecine",1,7,8,0.125,43.639119,3.828199
2026-01-16,06:54:18,2026-01-16T06:54:18+01:00,STATION,"Marie Caizergues",3,5,8,0.375,43.619871,3.873812
2026-01-16,06:54:18,2026-01-16T06:54:18+01:00,STATION,"Sabines",0,8,8,0.0,43.584211,3.860031
2026-01-16,06:54:18,2026-01-16T06:54:18+01:00,STATION,"Celleneuve",6,2,8,0.75,43.61467,3.832624
2026-01-16,06:54:18,2026-01-16T06:54:18+01:00,STATION,"Jardin de la Lironde",7,1,8,0.875,43.60585,3.911576
2026-01-16,06:54:18,2026-01-16T06:54:18+01:00,STATION,"Père Soulas",7,1,8,0.875,43.621983,3.855603
2026-01-16,06:54:18,2026-01-16T06:54:18+01:00,STATION,"Place Viala",7,1,8,0.875,43.616812,3.855075
2026-01-16,06:54:18,2026-01-16T06:54:18+01:00,STATION,"Hôtel du Département",3,5,8,0.375,43.621682,3.83477
2026-01-16,06:54:18,2026-01-16T06:54:18+01:00,STATION,"Tonnelles",2,6,8,0.25,43.615155,3.839466
2026-01-16,06:54:18,2026-01-16T06:54:18+01:00,STATION,"Parvis Jules Ferry - Gare Saint-Roch",2,6,8,0.25,43.603889,3.879362
2026-01-16,06:54:18,2026-01-16T06:54:18+01:00,STATION,"Pont de Lattes - Gare Saint-Roch",5,7,12,0.4166666666666667,43.606036,3.882393
2026-01-16,06:54:18,2026-01-16T06:54:18+01:00,STATION,"Deux Ponts - Gare Saint-Roch",0,8,8,0.0,43.604319,3.880916
2026-01-16,06:54:18,2026-01-16T06:54:18+01:00,STATION,"Providence - Ovalie",1,7,8,0.125,43.588239,3.853421
2026-01-16,06:54:18,2026-01-16T06:54:18+01:00,STATION,"Pérols Etang de l Or",37,31,68,0.5441176470588235,43.558351,3.963412
2026-01-16,06:54:18,2026-01-16T06:54:18+01:00,STATION,"Albert 1er - Cathédrale",1,11,12,0.08333333333333333,43.614005,3.873218
2026-01-16,06:54:18,2026-01-16T06:54:18+01:00,STATION,"Saint-Guilhem - Courreau",2,6,8,0.25,43.608996,3.872752
2026-01-16,06:54:18,2026-01-16T06:54:18+01:00,STATION,"Sud De France",4,2,8,0.75,43.59562,3.9235
2026-01-16,06:54:18,2026-01-16T06:54:18+01:00,STATION,"Comedie Baudin",0,8,8,0.0,43.608717,3.880787
2026-01-16,06:54:18,2026-01-16T06:54:18+01:00,STATION,"Jean de Beins",1,15,16,0.0625,43.609857,3.883884
2026-01-16,08:00:44,2026-01-16T08:00:44+01:00,STATION,"Rue Jules Ferry - Gare Saint-Roch",0,12,12,0.0,43.605366,3.881346
2026-01-16,08:00:44,2026-01-16T08:00:44+01:00,STATION,"Comédie",3,17,20,0.15,43.608148,3.878778
2026-01-16,08:00:44,2026-01-16T08:00:44+01:00,STATION,"Hôtel de Ville",11,5,16,0.6875,43.599088,3.894866
2026-01-16,08:00:44,2026-01-16T08:00:44+01:00,STATION,"Corum",1,11,12,0.08333333333333333,43.613989,3.8816
2026-01-16,08:00:44,2026-01-16T08:00:44+01:00,STATION,"Place Albert 1er - St Charles",4,23,27,0.14814814814814814,43.616768,3.873375
2026-01-16,08:00:44,2026-01-16T08:00:44+01:00,STATION,"Foch",1,3,8,0.625,43.610989,3.873345
2026-01-16,08:00:44,2026-01-16T08:00:44+01:00,STATION,"Halles Castellane",0,12,12,0.0,43.609935,3.877208
2026-01-16,08:00:44,2026-01-16T08:00:44+01:00,STATION,"Observatoire",1,6,8,0.25,43.606301,3.87724
2026-01-16,08:00:44,2026-01-16T08:00:44+01:00,STATION,"Rondelet",5,11,16,0.3125,43.603038,3.875796
2026-01-16,08:00:44,2026-01-16T08:00:44+01:00,STATION,"Plan Cabanes",5,7,12,0.4166666666666667,43.608491,3.868389
2026-01-16,08:00:44,2026-01-16T08:00:44+01:00,STATION,"Boutonnet",2,10,12,0.16666666666666666,43.622629,3.868375
2026-01-16,08:00:44,2026-01-16T08:00:44+01:00,STATION,"Emile Combes",4,4,8,0.5,43.616742,3.87998
2026-01-16,08:00:44,2026-01-16T08:00:44+01:00,STATION,"Beaux-Arts",13,2,16,0.875,43.616698,3.884981
2026-01-16,08:00:44,2026-01-16T08:00:44+01:00,STATION,"Les Aubes",6,2,8,0.75,43.618692,3.893844
2026-01-16,08:00:44,2026-01-16T08:00:44+01:00,STATION,"Antigone centre",7,5,12,0.5833333333333334,43.607942,3.890634
2026-01-16,08:00:44,2026-01-16T08:00:44+01:00,STATION,"Médiathèque Emile Zola",5,11,16,0.3125,43.608218,3.89314
2026-01-16,08:00:44,2026-01-16T08:00:44+01:00,STATION,"Nombre d Or",3,13,16,0.1875,43.607859,3.886644
2026-01-16,08:00:44,2026-01-16T08:00:44+01:00,STATION,"Louis Blanc",3,13,16,0.1875,43.614642,3.877648
2026-01-16,08:00:44,2026-01-16T08:00:44+01:00,STATION,"Gambetta",2,6,8,0.25,43.607106,3.870693
2026-01-16,08:00:44,2026-01-16T08:00:44+01:00,STATION,"Port Marianne",13,3,16,0.8125,43.60032,3.89851
2026-01-16,08:00:44,2026-01-16T08:00:44+01:00,STATION,"Les Arceaux",1,7,8,0.125,43.612659,3.867734
2026-01-16,08:00:44,2026-01-16T08:00:44+01:00,STATION,"Cité Mion",1,6,8,0.25,43.601143,3.884373
2026-01-16,08:00:44,2026-01-16T08:00:44+01:00,STATION,"Nouveau Saint-Roch",7,1,8,0.875,43.599817,3.875757
2026-01-16,08:00:44,2026-01-16T08:00:44+01:00,STATION,"Renouvier",2,6,8,0.25,43.603553,3.867884
2026-01-16,08:00:44,2026-01-16T08:00:44+01:00,STATION,"Odysseum",0,8,8,0.0,43.603727,3.918979
2026-01-16,08:00:44,2026-01-16T08:00:44+01:00,STATION,"Saint-Denis",0,8,8,0.0,43.605021,3.875065
2026-01-16,08:00:44,2026-01-16T08:00:44+01:00,STATION,"Richter",11,5,16,0.6875,43.603424,3.899263
2026-01-16,08:00:44,2026-01-16T08:00:44+01:00,STATION,"Charles Flahault",0,8,8,0.0,43.622038,3.86672
2026-01-16,08:00:44,2026-01-16T08:00:44+01:00,STATION,"Voltaire",5,3,8,0.625,43.603767,3.888659
2026-01-16,08:00:44,2026-01-16T08:00:44+01:00,STATION,"Prés d Arènes",7,1,8,0.875,43.59048,3.884611
2026-01-16,08:00:44,2026-01-16T08:00:44+01:00,STATION,"Garcia Lorca",6,2,8,0.75,43.590757,3.890616
2026-01-16,08:00:44,2026-01-16T08:00:44+01:00,STATION,"Vert Bois",7,9,16,0.4375,43.63543,3.871179
2026-01-16,08:00:44,2026-01-16T08:00:44+01:00,STATION,"Malbosc",5,2,8,0.75,43.633679,3.832861
2026-01-16,08:00:44,2026-01-16T08:00:44+01:00,STATION,"Occitanie",25,7,32,0.78125,43.635689,3.849597
2026-01-16,08:00:44,2026-01-16T08:00:44+01:00,STATION,"FacdesSciences",7,17,24,0.2916666666666667,43.631318,3.861299
2026-01-16,08:00:44,2026-01-16T08:00:44+01:00,STATION,"Fac de Lettres",3,9,12,0.25,43.630437,3.869539
2026-01-16,08:00:44,2026-01-16T08:00:44+01:00,STATION,"Aiguelongue",7,0,8,1.0,43.626163,3.882492
2026-01-16,08:00:44,2026-01-16T08:00:44+01:00,STATION,"Jeu de Mail des Abbés",5,3,8,0.625,43.619701,3.883831
2026-01-16,08:00:44,2026-01-16T08:00:44+01:00,STATION,"Euromédecine",1,7,8,0.125,43.639119,3.828199
2026-01-16,08:00:44,2026-01-16T08:00:44+01:00,STATION,"Marie Caizergues",2,6,8,0.25,43.619871,3.873812
2026-01-16,08:00:44,2026-01-16T08:00:44+01:00,STATION,"Sabines",0,8,8,0.0,43.584211,3.860031
2026-01-16,08:00:44,2026-01-16T08:00:44+01:00,STATION,"Celleneuve",6,2,8,0.75,43.61467,3.832624
2026-01-16,08:00:44,2026-01-16T08:00:44+01:00,STATION,"Jardin de la Lironde",7,1,8,0.875,43.60585,3.911576
2026-01-16,08:00:44,2026-01-16T08:00:44+01:00,STATION,"Père Soulas",7,1,8,0.875,43.621983,3.855603
2026-01-16,08:00:44,2026-01-16T08:00:44+01:00,STATION,"Place Viala",4,4,8,0.5,43.616812,3.855075
2026-01-16,08:00:44,2026-01-16T08:00:44+01:00,STATION,"Hôtel du Département",3,5,8,0.375,43.621682,3.83477
2026-01-16,08:00:44,2026-01-16T08:00:44+01:00,STATION,"Tonnelles",2,6,8,0.25,43.615155,3.839466
2026-01-16,08:00:44,2026-01-16T08:00:44+01:00,STATION,"Parvis Jules Ferry - Gare Saint-Roch",2,6,8,0.25,43.603889,3.879362
2026-01-16,08:00:44,2026-01-16T08:00:44+01:00,STATION,"Pont de Lattes - Gare Saint-Roch",4,8,12,0.3333333333333333,43.606036,3.882393
2026-01-16,08:00:44,2026-01-16T08:00:44+01:00,STATION,"Deux Ponts - Gare Saint-Roch",0,8,8,0.0,43.604319,3.880916
2026-01-16,08:00:44,2026-01-16T08:00:44+01:00,STATION,"Providence - Ovalie",1,7,8,0.125,43.588239,3.853421
2026-01-16,08:00:44,2026-01-16T08:00:44+01:00,STATION,"Pérols Etang de l Or",37,31,68,0.5441176470588235,43.558351,3.963412
2026-01-16,08:00:44,2026-01-16T08:00:44+01:00,STATION,"Albert 1er - Cathédrale",1,11,12,0.08333333333333333,43.614005,3.873218
2026-01-16,08:00:44,2026-01-16T08:00:44+01:00,STATION,"Saint-Guilhem - Courreau",2,6,8,0.25,43.608996,3.872752
2026-01-16,08:00:44,2026-01-16T08:00:44+01:00,STATION,"Sud De France",4,2,8,0.75,43.59562,3.9235
2026-01-16,08:00:44,2026-01-16T08:00:44+01:00,STATION,"Comedie Baudin",0,8,8,0.0,43.608717,3.880787
2026-01-16,08:00:44,2026-01-16T08:00:44+01:00,STATION,"Jean de Beins",1,15,16,0.0625,43.609857,3.883884
2026-01-16,08:51:03,2026-01-16T08:51:03+01:00,STATION,"Rue Jules Ferry - Gare Saint-Roch",0,12,12,0.0,43.605366,3.881346
2026-01-16,08:51:03,2026-01-16T08:51:03+01:00,STATION,"Comédie",12,8,20,0.6,43.608148,3.878778
2026-01-16,08:51:03,2026-01-16T08:51:03+01:00,STATION,"Hôtel de Ville",13,3,16,0.8125,43.599088,3.894866
2026-01-16,08:51:03,2026-01-16T08:51:03+01:00,STATION,"Corum",1,11,12,0.08333333333333333,43.613989,3.8816
2026-01-16,08:51:03,2026-01-16T08:51:03+01:00,STATION,"Place Albert 1er - St Charles",4,23,27,0.14814814814814814,43.616768,3.873375
2026-01-16,08:51:03,2026-01-16T08:51:03+01:00,STATION,"Foch",1,3,8,0.625,43.610989,3.873345
2026-01-16,08:51:03,2026-01-16T08:51:03+01:00,STATION,"Halles Castellane",0,12,12,0.0,43.609935,3.877208
2026-01-16,08:51:03,2026-01-16T08:51:03+01:00,STATION,"Observatoire",1,6,8,0.25,43.606301,3.87724
2026-01-16,08:51:03,2026-01-16T08:51:03+01:00,STATION,"Rondelet",4,12,16,0.25,43.603038,3.875796
2026-01-16,08:51:03,2026-01-16T08:51:03+01:00,STATION,"Plan Cabanes",5,7,12,0.4166666666666667,43.608491,3.868389
2026-01-16,08:51:03,2026-01-16T08:51:03+01:00,STATION,"Boutonnet",2,10,12,0.16666666666666666,43.622629,3.868375
2026-01-16,08:51:03,2026-01-16T08:51:03+01:00,STATION,"Emile Combes",4,4,8,0.5,43.616742,3.87998
2026-01-16,08:51:03,2026-01-16T08:51:03+01:00,STATION,"Beaux-Arts",13,2,16,0.875,43.616698,3.884981
2026-01-16,08:51:03,2026-01-16T08:51:03+01:00,STATION,"Les Aubes",6,2,8,0.75,43.618692,3.893844
2026-01-16,08:51:03,2026-01-16T08:51:03+01:00,STATION,"Antigone centre",7,5,12,0.5833333333333334,43.607942,3.890634
2026-01-16,08:51:03,2026-01-16T08:51:03+01:00,STATION,"Médiathèque Emile Zola",5,11,16,0.3125,43.608218,3.89314
2026-01-16,08:51:03,2026-01-16T08:51:03+01:00,STATION,"Nombre d Or",3,13,16,0.1875,43.607859,3.886644
2026-01-16,08:51:03,2026-01-16T08:51:03+01:00,STATION,"Louis Blanc",3,13,16,0.1875,43.614642,3.877648
2026-01-16,08:51:03,2026-01-16T08:51:03+01:00,STATION,"Gambetta",2,6,8,0.25,43.607106,3.870693
2026-01-16,08:51:03,2026-01-16T08:51:03+01:00,STATION,"Port Marianne",13,3,16,0.8125,43.60032,3.89851
2026-01-16,08:51:03,2026-01-16T08:51:03+01:00,STATION,"Les Arceaux",1,7,8,0.125,43.612659,3.867734
2026-01-16,08:51:03,2026-01-16T08:51:03+01:00,STATION,"Cité Mion",1,6,8,0.25,43.601143,3.884373
2026-01-16,08:51:03,2026-01-16T08:51:03+01:00,STATION,"Nouveau Saint-Roch",7,1,8,0.875,43.599817,3.875757
2026-01-16,08:51:03,2026-01-16T08:51:03+01:00,STATION,"Renouvier",0,8,8,0.0,43.603553,3.867884
2026-01-16,08:51:03,2026-01-16T08:51:03+01:00,STATION,"Odysseum",0,8,8,0.0,43.603727,3.918979
2026-01-16,08:51:03,2026-01-16T08:51:03+01:00,STATION,"Saint-Denis",0,8,8,0.0,43.605021,3.875065
2026-01-16,08:51:03,2026-01-16T08:51:03+01:00,STATION,"Richter",5,11,16,0.3125,43.603424,3.899263
2026-01-16,08:51:03,2026-01-16T08:51:03+01:00,STATION,"Charles Flahault",0,8,8,0.0,43.622038,3.86672
2026-01-16,08:51:03,2026-01-16T08:51:03+01:00,STATION,"Voltaire",5,3,8,0.625,43.603767,3.888659
2026-01-16,08:51:03,2026-01-16T08:51:03+01:00,STATION,"Prés d Arènes",7,1,8,0.875,43.59048,3.884611
2026-01-16,08:51:03,2026-01-16T08:51:03+01:00,STATION,"Garcia Lorca",7,1,8,0.875,43.590757,3.890616
2026-01-16,08:51:03,2026-01-16T08:51:03+01:00,STATION,"Vert Bois",7,9,16,0.4375,43.63543,3.871179
2026-01-16,08:51:03,2026-01-16T08:51:03+01:00,STATION,"Malbosc",5,2,8,0.75,43.633679,3.832861
2026-01-16,08:51:03,2026-01-16T08:51:03+01:00,STATION,"Occitanie",25,7,32,0.78125,43.635689,3.849597
2026-01-16,08:51:03,2026-01-16T08:51:03+01:00,STATION,"FacdesSciences",6,18,24,0.25,43.631318,3.861299
2026-01-16,08:51:03,2026-01-16T08:51:03+01:00,STATION,"Fac de Lettres",3,9,12,0.25,43.630437,3.869539
2026-01-16,08:51:03,2026-01-16T08:51:03+01:00,STATION,"Aiguelongue",7,0,8,1.0,43.626163,3.882492
2026-01-16,08:51:03,2026-01-16T08:51:03+01:00,STATION,"Jeu de Mail des Abbés",5,3,8,0.625,43.619701,3.883831
2026-01-16,08:51:03,2026-01-16T08:51:03+01:00,STATION,"Euromédecine",2,6,8,0.25,43.639119,3.828199
2026-01-16,08:51:03,2026-01-16T08:51:03+01:00,STATION,"Marie Caizergues",2,6,8,0.25,43.619871,3.873812
2026-01-16,08:51:03,2026-01-16T08:51:03+01:00,STATION,"Sabines",0,8,8,0.0,43.584211,3.860031
2026-01-16,08:51:03,2026-01-16T08:51:03+01:00,STATION,"Celleneuve",6,2,8,0.75,43.61467,3.832624
2026-01-16,08:51:03,2026-01-16T08:51:03+01:00,STATION,"Jardin de la Lironde",4,4,8,0.5,43.60585,3.911576
2026-01-16,08:51:03,2026-01-16T08:51:03+01:00,STATION,"Père Soulas",7,1,8,0.875,43.621983,3.855603
2026-01-16,08:51:03,2026-01-16T08:51:03+01:00,STATION,"Place Viala",4,4,8,0.5,43.616812,3.855075
2026-01-16,08:51:03,2026-01-16T08:51:03+01:00,STATION,"Hôtel du Département",3,5,8,0.375,43.621682,3.83477
2026-01-16,08:51:03,2026-01-16T08:51:03+01:00,STATION,"Tonnelles",2,6,8,0.25,43.615155,3.839466
2026-01-16,08:51:03,2026-01-16T08:51:03+01:00,STATION,"Parvis Jules Ferry - Gare Saint-Roch",2,6,8,0.25,43.603889,3.879362
2026-01-16,08:51:03,2026-01-16T08:51:03+01:00,STATION,"Pont de Lattes - Gare Saint-Roch",4,8,12,0.3333333333333333,43.606036,3.882393
2026-01-16,08:51:03,2026-01-16T08:51:03+01:00,STATION,"Deux Ponts - Gare Saint-Roch",0,8,8,0.0,43.604319,3.880916
2026-01-16,08:51:03,2026-01-16T08:51:03+01:00,STATION,"Providence - Ovalie",1,7,8,0.125,43.588239,3.853421
2026-01-16,08:51:03,2026-01-16T08:51:03+01:00,STATION,"Pérols Etang de l Or",37,31,68,0.5441176470588235,43.558351,3.963412
2026-01-16,08:51:03,2026-01-16T08:51:03+01:00,STATION,"Albert 1er - Cathédrale",1,11,12,0.08333333333333333,43.614005,3.873218
2026-01-16,08:51:03,2026-01-16T08:51:03+01:00,STATION,"Saint-Guilhem - Courreau",1,7,8,0.125,43.608996,3.872752
2026-01-16,08:51:03,2026-01-16T08:51:03+01:00,STATION,"Sud De France",4,2,8,0.75,43.59562,3.9235
2026-01-16,08:51:03,2026-01-16T08:51:03+01:00,STATION,"Comedie Baudin",0,8,8,0.0,43.608717,3.880787
2026-01-16,08:51:03,2026-01-16T08:51:03+01:00,STATION,"Jean de Beins",1,15,16,0.0625,43.609857,3.883884
2026-01-16,09:57:46,2026-01-16T09:57:46+01:00,STATION,"Rue Jules Ferry - Gare Saint-Roch",5,7,12,0.4166666666666667,43.605366,3.881346
2026-01-16,09:57:46,2026-01-16T09:57:46+01:00,STATION,"Comédie",11,9,20,0.55,43.608148,3.878778
2026-01-16,09:57:46,2026-01-16T09:57:46+01:00,STATION,"Hôtel de Ville",13,3,16,0.8125,43.599088,3.894866
2026-01-16,09:57:46,2026-01-16T09:57:46+01:00,STATION,"Corum",1,11,12,0.08333333333333333,43.613989,3.8816
2026-01-16,09:57:46,2026-01-16T09:57:46+01:00,STATION,"Place Albert 1er - St Charles",4,23,27,0.14814814814814814,43.616768,3.873375
2026-01-16,09:57:46,2026-01-16T09:57:46+01:00,STATION,"Foch",1,3,8,0.625,43.610989,3.873345
2026-01-16,09:57:46,2026-01-16T09:57:46+01:00,STATION,"Halles Castellane",0,12,12,0.0,43.609935,3.877208
2026-01-16,09:57:46,2026-01-16T09:57:46+01:00,STATION,"Observatoire",2,5,8,0.375,43.606301,3.87724
2026-01-16,09:57:46,2026-01-16T09:57:46+01:00,STATION,"Rondelet",4,12,16,0.25,43.603038,3.875796
2026-01-16,09:57:46,2026-01-16T09:57:46+01:00,STATION,"Plan Cabanes",5,7,12,0.4166666666666667,43.608491,3.868389
2026-01-16,09:57:46,2026-01-16T09:57:46+01:00,STATION,"Boutonnet",2,10,12,0.16666666666666666,43.622629,3.868375
2026-01-16,09:57:46,2026-01-16T09:57:46+01:00,STATION,"Emile Combes",3,5,8,0.375,43.616742,3.87998
2026-01-16,09:57:46,2026-01-16T09:57:46+01:00,STATION,"Beaux-Arts",13,2,16,0.875,43.616698,3.884981
2026-01-16,09:57:46,2026-01-16T09:57:46+01:00,STATION,"Les Aubes",6,2,8,0.75,43.618692,3.893844
2026-01-16,09:57:46,2026-01-16T09:57:46+01:00,STATION,"Antigone centre",8,4,12,0.6666666666666666,43.607942,3.890634
2026-01-16,09:57:46,2026-01-16T09:57:46+01:00,STATION,"Médiathèque Emile Zola",5,11,16,0.3125,43.608218,3.89314
2026-01-16,09:57:46,2026-01-16T09:57:46+01:00,STATION,"Nombre d Or",3,13,16,0.1875,43.607859,3.886644
2026-01-16,09:57:46,2026-01-16T09:57:46+01:00,STATION,"Louis Blanc",3,13,16,0.1875,43.614642,3.877648
2026-01-16,09:57:46,2026-01-16T09:57:46+01:00,STATION,"Gambetta",1,7,8,0.125,43.607106,3.870693
2026-01-16,09:57:46,2026-01-16T09:57:46+01:00,STATION,"Port Marianne",13,3,16,0.8125,43.60032,3.89851
2026-01-16,09:57:46,2026-01-16T09:57:46+01:00,STATION,"Les Arceaux",1,7,8,0.125,43.612659,3.867734
2026-01-16,09:57:46,2026-01-16T09:57:46+01:00,STATION,"Cité Mion",1,6,8,0.25,43.601143,3.884373
2026-01-16,09:57:46,2026-01-16T09:57:46+01:00,STATION,"Nouveau Saint-Roch",7,1,8,0.875,43.599817,3.875757
2026-01-16,09:57:46,2026-01-16T09:57:46+01:00,STATION,"Renouvier",0,8,8,0.0,43.603553,3.867884
2026-01-16,09:57:46,2026-01-16T09:57:46+01:00,STATION,"Odysseum",0,8,8,0.0,43.603727,3.918979
2026-01-16,09:57:46,2026-01-16T09:57:46+01:00,STATION,"Saint-Denis",0,8,8,0.0,43.605021,3.875065
2026-01-16,09:57:46,2026-01-16T09:57:46+01:00,STATION,"Richter",5,11,16,0.3125,43.603424,3.899263
2026-01-16,09:57:46,2026-01-16T09:57:46+01:00,STATION,"Charles Flahault",3,5,8,0.375,43.622038,3.86672
2026-01-16,09:57:46,2026-01-16T09:57:46+01:00,STATION,"Voltaire",5,3,8,0.625,43.603767,3.888659
2026-01-16,09:57:46,2026-01-16T09:57:46+01:00,STATION,"Prés d Arènes",7,1,8,0.875,43.59048,3.884611
2026-01-16,09:57:46,2026-01-16T09:57:46+01:00,STATION,"Garcia Lorca",7,1,8,0.875,43.590757,3.890616
2026-01-16,09:57:46,2026-01-16T09:57:46+01:00,STATION,"Vert Bois",7,9,16,0.4375,43.63543,3.871179
2026-01-16,09:57:46,2026-01-16T09:57:46+01:00,STATION,"Malbosc",5,2,8,0.75,43.633679,3.832861
2026-01-16,09:57:46,2026-01-16T09:57:46+01:00,STATION,"Occitanie",25,7,32,0.78125,43.635689,3.849597
2026-01-16,09:57:46,2026-01-16T09:57:46+01:00,STATION,"FacdesSciences",7,17,24,0.2916666666666667,43.631318,3.861299
2026-01-16,09:57:46,2026-01-16T09:57:46+01:00,STATION,"Fac de Lettres",4,8,12,0.3333333333333333,43.630437,3.869539
2026-01-16,09:57:46,2026-01-16T09:57:46+01:00,STATION,"Aiguelongue",3,4,8,0.5,43.626163,3.882492
2026-01-16,09:57:46,2026-01-16T09:57:46+01:00,STATION,"Jeu de Mail des Abbés",5,3,8,0.625,43.619701,3.883831
2026-01-16,09:57:46,2026-01-16T09:57:46+01:00,STATION,"Euromédecine",2,6,8,0.25,43.639119,3.828199
2026-01-16,09:57:46,2026-01-16T09:57:46+01:00,STATION,"Marie Caizergues",1,7,8,0.125,43.619871,3.873812
2026-01-16,09:57:46,2026-01-16T09:57:46+01:00,STATION,"Sabines",0,8,8,0.0,43.584211,3.860031
2026-01-16,09:57:46,2026-01-16T09:57:46+01:00,STATION,"Celleneuve",6,2,8,0.75,43.61467,3.832624
2026-01-16,09:57:46,2026-01-16T09:57:46+01:00,STATION,"Jardin de la Lironde",4,4,8,0.5,43.60585,3.911576
2026-01-16,09:57:46,2026-01-16T09:57:46+01:00,STATION,"Père Soulas",7,1,8,0.875,43.621983,3.855603
2026-01-16,09:57:46,2026-01-16T09:57:46+01:00,STATION,"Place Viala",4,4,8,0.5,43.616812,3.855075
2026-01-16,09:57:46,2026-01-16T09:57:46+01:00,STATION,"Hôtel du Département",3,5,8,0.375,43.621682,3.83477
2026-01-16,09:57:46,2026-01-16T09:57:46+01:00,STATION,"Tonnelles",2,6,8,0.25,43.615155,3.839466
2026-01-16,09:57:46,2026-01-16T09:57:46+01:00,STATION,"Parvis Jules Ferry - Gare Saint-Roch",2,6,8,0.25,43.603889,3.879362
2026-01-16,09:57:46,2026-01-16T09:57:46+01:00,STATION,"Pont de Lattes - Gare Saint-Roch",4,8,12,0.3333333333333333,43.606036,3.882393
2026-01-16,09:57:46,2026-01-16T09:57:46+01:00,STATION,"Deux Ponts - Gare Saint-Roch",0,8,8,0.0,43.604319,3.880916
2026-01-16,09:57:46,2026-01-16T09:57:46+01:00,STATION,"Providence - Ovalie",1,7,8,0.125,43.588239,3.853421
2026-01-16,09:57:46,2026-01-16T09:57:46+01:00,STATION,"Pérols Etang de l Or",37,31,68,0.5441176470588235,43.558351,3.963412
2026-01-16,09:57:46,2026-01-16T09:57:46+01:00,STATION,"Albert 1er - Cathédrale",1,11,12,0.08333333333333333,43.614005,3.873218
2026-01-16,09:57:46,2026-01-16T09:57:46+01:00,STATION,"Saint-Guilhem - Courreau",1,7,8,0.125,43.608996,3.872752
2026-01-16,09:57:46,2026-01-16T09:57:46+01:00,STATION,"Sud De France",4,2,8,0.75,43.59562,3.9235
2026-01-16,09:57:46,2026-01-16T09:57:46+01:00,STATION,"Comedie Baudin",0,8,8,0.0,43.608717,3.880787
2026-01-16,09:57:46,2026-01-16T09:57:46+01:00,STATION,"Jean de Beins",1,15,16,0.0625,43.609857,3.883884
2026-01-16,10:50:15,2026-01-16T10:50:15+01:00,STATION,"Rue Jules Ferry - Gare Saint-Roch",5,7,12,0.4166666666666667,43.605366,3.881346
2026-01-16,10:50:15,2026-01-16T10:50:15+01:00,STATION,"Comédie",12,8,20,0.6,43.608148,3.878778
2026-01-16,10:50:15,2026-01-16T10:50:15+01:00,STATION,"Hôtel de Ville",13,3,16,0.8125,43.599088,3.894866
2026-01-16,10:50:15,2026-01-16T10:50:15+01:00,STATION,"Corum",1,11,12,0.08333333333333333,43.613989,3.8816
2026-01-16,10:50:15,2026-01-16T10:50:15+01:00,STATION,"Place Albert 1er - St Charles",5,22,27,0.18518518518518517,43.616768,3.873375
2026-01-16,10:50:15,2026-01-16T10:50:15+01:00,STATION,"Foch",1,3,8,0.625,43.610989,3.873345
2026-01-16,10:50:15,2026-01-16T10:50:15+01:00,STATION,"Halles Castellane",0,12,12,0.0,43.609935,3.877208
2026-01-16,10:50:15,2026-01-16T10:50:15+01:00,STATION,"Observatoire",2,5,8,0.375,43.606301,3.87724
2026-01-16,10:50:15,2026-01-16T10:50:15+01:00,STATION,"Rondelet",3,13,16,0.1875,43.603038,3.875796
2026-01-16,10:50:15,2026-01-16T10:50:15+01:00,STATION,"Plan Cabanes",3,9,12,0.25,43.608491,3.868389
2026-01-16,10:50:15,2026-01-16T10:50:15+01:00,STATION,"Boutonnet",4,8,12,0.3333333333333333,43.622629,3.868375
2026-01-16,10:50:15,2026-01-16T10:50:15+01:00,STATION,"Emile Combes",3,5,8,0.375,43.616742,3.87998
2026-01-16,10:50:15,2026-01-16T10:50:15+01:00,STATION,"Beaux-Arts",13,2,16,0.875,43.616698,3.884981
2026-01-16,10:50:15,2026-01-16T10:50:15+01:00,STATION,"Les Aubes",6,2,8,0.75,43.618692,3.893844
2026-01-16,10:50:15,2026-01-16T10:50:15+01:00,STATION,"Antigone centre",8,4,12,0.6666666666666666,43.607942,3.890634
2026-01-16,10:50:15,2026-01-16T10:50:15+01:00,STATION,"Médiathèque Emile Zola",5,11,16,0.3125,43.608218,3.89314
2026-01-16,10:50:15,2026-01-16T10:50:15+01:00,STATION,"Nombre d Or",3,13,16,0.1875,43.607859,3.886644
2026-01-16,10:50:15,2026-01-16T10:50:15+01:00,STATION,"Louis Blanc",3,13,16,0.1875,43.614642,3.877648
2026-01-16,10:50:15,2026-01-16T10:50:15+01:00,STATION,"Gambetta",1,7,8,0.125,43.607106,3.870693
2026-01-16,10:50:15,2026-01-16T10:50:15+01:00,STATION,"Port Marianne",13,3,16,0.8125,43.60032,3.89851
2026-01-16,10:50:15,2026-01-16T10:50:15+01:00,STATION,"Les Arceaux",1,7,8,0.125,43.612659,3.867734
2026-01-16,10:50:15,2026-01-16T10:50:15+01:00,STATION,"Cité Mion",1,6,8,0.25,43.601143,3.884373
2026-01-16,10:50:15,2026-01-16T10:50:15+01:00,STATION,"Nouveau Saint-Roch",7,1,8,0.875,43.599817,3.875757
2026-01-16,10:50:15,2026-01-16T10:50:15+01:00,STATION,"Renouvier",0,8,8,0.0,43.603553,3.867884
2026-01-16,10:50:15,2026-01-16T10:50:15+01:00,STATION,"Odysseum",0,8,8,0.0,43.603727,3.918979
2026-01-16,10:50:15,2026-01-16T10:50:15+01:00,STATION,"Saint-Denis",0,8,8,0.0,43.605021,3.875065
2026-01-16,10:50:15,2026-01-16T10:50:15+01:00,STATION,"Richter",5,11,16,0.3125,43.603424,3.899263
2026-01-16,10:50:15,2026-01-16T10:50:15+01:00,STATION,"Charles Flahault",3,5,8,0.375,43.622038,3.86672
2026-01-16,10:50:15,2026-01-16T10:50:15+01:00,STATION,"Voltaire",5,3,8,0.625,43.603767,3.888659
2026-01-16,10:50:15,2026-01-16T10:50:15+01:00,STATION,"Prés d Arènes",8,0,8,1.0,43.59048,3.884611
2026-01-16,10:50:15,2026-01-16T10:50:15+01:00,STATION,"Garcia Lorca",7,1,8,0.875,43.590757,3.890616
2026-01-16,10:50:15,2026-01-16T10:50:15+01:00,STATION,"Vert Bois",6,10,16,0.375,43.63543,3.871179
2026-01-16,10:50:15,2026-01-16T10:50:15+01:00,STATION,"Malbosc",5,2,8,0.75,43.633679,3.832861
2026-01-16,10:50:15,2026-01-16T10:50:15+01:00,STATION,"Occitanie",25,7,32,0.78125,43.635689,3.849597
2026-01-16,10:50:15,2026-01-16T10:50:15+01:00,STATION,"FacdesSciences",7,17,24,0.2916666666666667,43.631318,3.861299
2026-01-16,10:50:15,2026-01-16T10:50:15+01:00,STATION,"Fac de Lettres",4,8,12,0.3333333333333333,43.630437,3.869539
2026-01-16,10:50:15,2026-01-16T10:50:15+01:00,STATION,"Aiguelongue",2,5,8,0.375,43.626163,3.882492
2026-01-16,10:50:15,2026-01-16T10:50:15+01:00,STATION,"Jeu de Mail des Abbés",5,3,8,0.625,43.619701,3.883831
2026-01-16,10:50:15,2026-01-16T10:50:15+01:00,STATION,"Euromédecine",2,6,8,0.25,43.639119,3.828199
2026-01-16,10:50:15,2026-01-16T10:50:15+01:00,STATION,"Marie Caizergues",2,6,8,0.25,43.619871,3.873812
2026-01-16,10:50:15,2026-01-16T10:50:15+01:00,STATION,"Sabines",1,7,8,0.125,43.584211,3.860031
2026-01-16,10:50:15,2026-01-16T10:50:15+01:00,STATION,"Celleneuve",6,2,8,0.75,43.61467,3.832624
2026-01-16,10:50:15,2026-01-16T10:50:15+01:00,STATION,"Jardin de la Lironde",4,4,8,0.5,43.60585,3.911576
2026-01-16,10:50:15,2026-01-16T10:50:15+01:00,STATION,"Père Soulas",7,1,8,0.875,43.621983,3.855603
2026-01-16,10:50:15,2026-01-16T10:50:15+01:00,STATION,"Place Viala",4,4,8,0.5,43.616812,3.855075
2026-01-16,10:50:15,2026-01-16T10:50:15+01:00,STATION,"Hôtel du Département",3,5,8,0.375,43.621682,3.83477
2026-01-16,10:50:15,2026-01-16T10:50:15+01:00,STATION,"Tonnelles",2,6,8,0.25,43.615155,3.839466
2026-01-16,10:50:15,2026-01-16T10:50:15+01:00,STATION,"Parvis Jules Ferry - Gare Saint-Roch",2,6,8,0.25,43.603889,3.879362
2026-01-16,10:50:15,2026-01-16T10:50:15+01:00,STATION,"Pont de Lattes - Gare Saint-Roch",4,8,12,0.3333333333333333,43.606036,3.882393
2026-01-16,10:50:15,2026-01-16T10:50:15+01:00,STATION,"Deux Ponts - Gare Saint-Roch",0,8,8,0.0,43.604319,3.880916
2026-01-16,10:50:15,2026-01-16T10:50:15+01:00,STATION,"Providence - Ovalie",1,7,8,0.125,43.588239,3.853421
2026-01-16,10:50:15,2026-01-16T10:50:15+01:00,STATION,"Pérols Etang de l Or",36,32,68,0.5294117647058824,43.558351,3.963412
2026-01-16,10:50:15,2026-01-16T10:50:15+01:00,STATION,"Albert 1er - Cathédrale",3,9,12,0.25,43.614005,3.873218
2026-01-16,10:50:15,2026-01-16T10:50:15+01:00,STATION,"Saint-Guilhem - Courreau",1,7,8,0.125,43.608996,3.872752
2026-01-16,10:50:15,2026-01-16T10:50:15+01:00,STATION,"Sud De France",4,2,8,0.75,43.59562,3.9235
2026-01-16,10:50:15,2026-01-16T10:50:15+01:00,STATION,"Comedie Baudin",0,8,8,0.0,43.608717,3.880787
2026-01-16,10:50:15,2026-01-16T10:50:15+01:00,STATION,"Jean de Beins",1,15,16,0.0625,43.609857,3.883884
